elapsed_seconds,hr,hr_expected,hr_effective,drift_est,P_virtual,P_virtual_60s,speed_kmh_clean,grade_roll_120s,corr_active
145.0,138.54285714285714,146.9028119026655,138.54285714285714,0.0,74.82803985409129,69.74822248732296,24.798805714285713,-0.001669696600624249,0
150.0,138.6,146.89607087305458,138.6,0.0,75.78869600432927,70.66204355675694,24.91842857142857,-0.0017605164393751066,0
155.0,138.65714285714284,146.79995982485906,138.65714285714284,0.0,76.75805077488938,71.58433078550185,25.03805142857143,-0.001813858665311482,0
160.0,138.71428571428572,146.79430498069857,138.71428571428572,0.0,77.73614643141518,72.51512643920418,25.157674285714286,-0.0018465997675872119,0
165.0,138.77142857142857,146.73245799888394,138.77142857142857,0.0,78.72302523965217,73.45447278350551,25.277297142857144,-0.001872792641620739,0
170.0,138.82857142857142,146.72527510031932,138.82857142857142,0.0,79.71872946510832,74.40241208405486,25.39692,-0.001885889060181724,0
175.0,138.88571428571427,146.53903247379708,138.88571428571427,0.0,80.7233013735983,75.35898660649671,25.516542857142856,-0.0018858890237747645,0
180.0,138.94285714285715,146.4524404764387,138.94285714285715,0.0,81.73678323052665,76.32423861646626,25.636165714285713,-0.0018858889873684017,0
185.0,139.0,146.4524404764387,139.0,0.0,82.75921730177764,77.29821037961885,25.75578857142857,-0.001885888950961362,0
190.0,139.5,146.4524404764387,139.5,0.0,80.43582179422168,78.00137549003712,25.8156,-0.0019097280859554655,0
195.0,140.0,146.4524404764387,140.0,0.0,74.66036720558338,78.14535156115477,25.8156,-0.0019811214588844723,0
200.0,140.5,146.4524404764387,140.5,0.0,70.83428279444995,77.89187178913694,25.8579,-0.0020848898224066696,0
205.0,141.0,146.4524404764387,141.0,0.0,68.30632221688,77.34839531936933,25.8579,-0.0022103179427416008,0
210.0,140.5,146.60490554992984,140.5,0.0,62.76073449517416,76.26273186027306,25.8579,-0.0023779557587133423,0
215.0,140.0,146.86169960223378,140.0,0.0,55.48171935632548,74.48970424205942,26.0397,-0.002600758046493699,0
220.0,139.66666666666666,147.25357664491673,139.66666666666666,0.0,53.15704440530383,72.44144573988346,26.0397,-0.002842350267970016,0
225.0,139.33333333333334,147.25542103516582,139.33333333333334,0.0,54.557044668041854,70.42761402558261,26.0397,-0.003075918988492366,0
230.0,139.0,147.24661955319732,139.0,0.0,53.13540598832493,68.21233706918399,26.2998,-0.0033237216149880357,0
235.0,138.5,147.29619345980439,138.5,0.0,49.589852751248145,65.61788301732149,26.3547,-0.00360136987070034,0
240.0,138.0,147.29619345980439,138.0,0.0,49.703494367181555,62.948442278709386,26.3547,-0.0038826515109463785,0
245.0,137.5,147.29619345980439,137.5,0.0,52.80481118196556,60.45224176872504,26.4879,-0.004145926534500432,0
250.0,137.0,147.29619345980439,137.0,0.0,54.371280709520114,58.280196678333255,26.4879,-0.004402189457656779,0
255.0,139.0,147.2922801837902,139.0,0.0,58.95260271326879,56.9712163039737,26.974800000000002,-0.004634790072443238,0
260.0,140.0,147.3670811848937,140.0,0.0,54.160184049908565,55.58170807526191,27.3654,-0.004910905343802933,0
265.0,141.0,147.95791820069502,141.0,0.0,62.375161862164454,55.087444712368956,27.3654,-0.005139239470787216,0
270.0,141.5,147.9507572745834,141.5,0.0,63.115191921847426,55.11698283125838,27.3654,-0.005372127541376848,0
275.0,142.0,147.9507572745834,142.0,0.0,64.68342256932881,55.883791432342,27.1764,-0.005600843992356691,0
280.0,142.5,147.9507572745834,142.5,0.0,70.38502142087981,57.31945618364,27.1764,-0.0057971868199847955,0
285.0,143.0,147.9507572745834,143.0,0.0,74.59832931104418,58.98956323722353,27.1764,-0.00596671949470847,0
290.0,143.0,147.7344925592397,143.0,0.0,82.72374466734513,61.45525812714188,27.1512,-0.0060784585283072436,0
295.0,143.5,147.29557165019892,143.5,0.0,86.29137607905392,64.51371840445903,27.1512,-0.006163504573501754,0
300.0,144.0,147.18036363302258,144.0,0.0,95.37892066025218,68.32000392888158,27.1512,-0.006183901117318455,0
305.0,143.5,146.86657325847943,143.5,0.0,99.16482717678241,72.18333859511633,27.198,-0.0061785490664646855,0
310.0,143.0,146.35568275400445,143.0,0.0,100.82311518365243,76.054324801294,27.0135,-0.006136152085944476,0
315.0,143.0,146.18709817119213,143.0,0.0,102.0649613434903,79.64702135381246,26.7381,-0.006032737435126533,0
320.0,143.25,146.08177025524594,143.25,0.0,102.11972858096335,83.6436500647337,26.27235,-0.005886674443023683,0
325.0,143.5,145.31662065837017,143.5,0.0,101.16327381324759,86.87599272732395,25.94625,-0.005712043784553165,0
330.0,144.0,145.28409551586313,144.0,0.0,97.1435228974755,89.71168697529298,25.94625,-0.005509917660481068,0
335.0,144.5,145.2729294942661,144.5,0.0,93.23327284239403,92.09084116471507,25.94625,-0.005266466284753826,0
340.0,145.0,145.2266723681814,145.0,0.0,90.34508153101825,93.7541795072266,26.2743,-0.005016718971343144,0
345.0,145.0,145.02302313774854,145.0,0.0,82.67671907512371,94.42737865423322,26.7615,-0.004829843159086969,0
350.0,145.0,145.02302313774854,145.0,0.0,72.86877543599596,93.60613121828747,27.0837,-0.0047066761578465665,0
355.0,145.66666666666666,145.6894774788509,145.66666666666666,0.0,64.22893973009238,91.767594855874,27.3906,-0.004628752355446757,0
360.0,146.33333333333334,146.3386758594251,146.33333333333334,0.0,55.60462997175351,88.45307063183246,27.6822,-0.004623793135907761,0
365.0,147.0,146.97555071798132,147.0,0.0,49.12077731610293,84.28273314344248,27.973799999999997,-0.004700113343423321,0
370.0,147.0,147.01982970986018,147.0,0.0,46.68145704818171,79.77092829881994,27.973799999999997,-0.004815354818794617,0
375.0,147.0,147.00803186825297,147.0,0.0,49.26857086391318,75.3712290921885,27.973799999999997,-0.004947694339121942,0
380.0,148.0,147.98481120853987,148.0,0.0,58.61985429652405,71.74623956848524,28.0206,-0.004982389705737298,0
385.0,148.0,147.98623281532596,148.0,0.0,68.40622723696629,69.01648568712847,27.775800000000004,-0.005003108382144689,0
390.0,148.0,147.99069673788657,148.0,0.0,78.85670719799586,67.49258437883849,27.5832,-0.004948409115965145,0
395.0,147.5,147.4818140158865,147.5,0.0,90.40125322755564,67.25658274426861,27.4374,-0.004814913620163849,0
400.0,147.0,147.02532838707108,147.0,0.0,102.32900443801283,68.25524298651817,27.3438,-0.004626695004496416,0
405.0,147.0,146.97956833041556,147.0,0.0,123.30207520907675,71.64068933101426,26.5248,-0.004306521370670401,0
410.0,146.83333333333334,146.81547841298837,146.83333333333334,0.0,139.98729712872043,77.23389947207463,25.7412,-0.0039015473585382186,0
415.0,146.66666666666666,146.6933550917477,146.66666666666666,0.0,141.82840715931758,83.70052175784339,25.5054,-0.0034811207367235835,0
420.0,146.5,146.490740745144,146.5,0.0,144.09938328036185,91.07508453356076,25.5054,-0.0030821493947719267,0
425.0,146.75,146.7793347820651,146.75,0.0,142.60459781265286,98.86540290827325,25.3482,-0.0026920017373033393,0
430.0,147.0,146.97707014582141,147.0,0.0,139.8459573332929,106.62911126536585,25.3482,-0.0023086626340411667,0
435.0,147.0,146.97707014582141,147.0,0.0,132.10380337730356,113.53204730814838,25.4952,-0.001981846136077072,0
440.0,146.0,146.07013473833214,146.0,0.0,116.17391367120419,118.32821892270506,25.731,-0.001781710708396231,0
445.0,146.5,146.4849883225961,146.5,0.0,110.8374756901401,121.86415629380288,25.9011,-0.0016321989033484426,0
450.0,147.0,146.9269511362593,147.0,0.0,103.78146016370722,123.9412190409455,26.073900000000002,-0.0015259798732229742,0
455.0,146.5,146.52704194475425,146.5,0.0,97.64257903609948,124.54466285832414,26.073900000000002,-0.001458654632825295,0
460.0,146.0,146.07576567501744,146.0,0.0,90.53305890287025,123.56166739706225,26.073900000000002,-0.0014381332812162053,0
465.0,146.33333333333334,146.29291403261425,146.33333333333334,0.0,86.70632588087025,120.51202161971172,25.9968,-0.0013956610636373559,0
470.0,146.66666666666666,146.69662600312833,146.66666666666666,0.0,82.25458961377787,115.70096266013319,25.3692,-0.0013034291676258533,0
475.0,147.0,146.99443892838573,147.0,0.0,77.05967194077066,110.30356805858759,24.6822,-0.0011610593638586308,0
480.0,148.0,147.99912989038793,148.0,0.0,72.55632405725943,104.34164645666239,24.3633,-0.0009576634680704251,0
485.0,148.5,148.4995704798985,148.5,0.0,73.48085948229352,98.58133492913247,24.3387,-0.0006667935414384976,0
490.0,149.0,148.98344460319524,149.0,0.0,72.52114520390438,92.97093391835007,24.3141,-0.00033353340207102617,0
495.0,149.5,149.48605751101806,149.5,0.0,70.9082048134292,87.8713007046939,24.3141,-2.2343345561209177e-06,0
500.0,149.875,149.87289929034142,149.875,0.0,68.6932006715737,83.91457462139134,23.853825,0.00027301020232434436,0
505.0,150.25,150.24220309309356,150.25,0.0,65.88534219163519,80.16856349651593,22.957875,0.00048166482694930214,0
510.0,150.625,150.62435972691424,150.625,0.0,63.192624053939404,76.7861604873686,22.061925000000002,0.0006205421118087741,0
515.0,151.0,150.99372877515947,151.0,0.0,56.93777883959712,73.39409380432674,21.533175,0.0006529735693850077,0
520.0,151.5,151.4894887807801,151.5,0.0,52.22650633476873,70.2018810903183,21.533175,0.0005852925614976192,0
525.0,152.0,151.98114433954345,152.0,0.0,47.812007777991035,66.96068791507835,21.533175,0.0003467662727664682,0
530.0,152.0,151.64269259475208,152.0,0.0,47.47180163797299,64.06212225042795,21.729599999999998,-1.8779394755441423e-05,0
535.0,152.0,151.4869338889575,152.0,0.0,49.89222668119524,61.79816847879666,21.878999999999998,-0.00039631765584712675,0
540.0,152.5,151.2883369035318,152.5,0.0,52.10516294173803,60.09390505250321,21.9393,-0.0007969421087730563,0
545.0,153.0,149.59363572931582,153.0,0.0,53.52193030431074,58.43066095433798,21.9996,-0.0012065477409817647,0
550.0,152.5,149.34480231473054,152.5,0.0,54.48165358853841,56.92736998639081,22.0743,-0.0016192745513792497,0
555.0,152.0,149.3419198780537,152.0,0.0,55.117760989424596,55.61149966772376,22.0743,-0.001988479645036686,0
560.0,151.66666666666666,149.34123343151114,151.66666666666666,0.0,54.19943352892844,54.40368573916999,22.1196,-0.002252631016442718,0
565.0,151.33333333333334,149.34123343151114,151.33333333333334,0.0,52.252289827333584,53.26759804214486,22.3104,-0.0024934337334781608,0
570.0,151.0,149.2827035241919,151.0,0.0,51.17954430377115,52.26650806296417,22.3104,-0.0026885925147507564,0
575.0,151.5,149.2827035241919,151.5,0.0,51.80196247598387,51.8385233659964,22.3104,-0.0028285584693923216,0
580.0,152.0,149.2827035241919,152.0,0.0,52.0063314370559,51.82017545785366,22.1832,-0.002908485415860146,0
585.0,152.25,149.2827035241919,152.25,0.0,52.76445625033181,52.2328794972154,21.843674999999998,-0.002947075527401279,0
590.0,152.5,149.30364280486947,152.5,0.0,53.950047649468324,52.772733331506664,21.546225,-0.0029423064086505205,0
595.0,152.75,149.30364280486947,152.75,0.0,53.95576124393198,53.11136121173473,21.248775000000002,-0.0029028855833324006,0
600.0,153.0,149.30364280486947,153.0,0.0,53.6866972712472,53.24315573919383,21.103425,-0.002839215730982061,0
605.0,153.0,149.30364280486947,153.0,0.0,53.075761081993825,53.20597497066743,21.103425,-0.0027940600692147044,0
610.0,153.0,149.30364280486947,153.0,0.0,54.33135935738768,53.193450451404864,21.103425,-0.0027386076584481923,0
615.0,153.25,149.30364280486947,153.25,0.0,55.63340674301825,53.236420930871,21.320999999999998,-0.002671532414912952,0
620.0,153.5,149.33842459053483,153.5,0.0,58.39320946103082,53.585902258546206,21.7494,-0.0025802215017355673,0
625.0,153.75,149.33156570009692,153.75,0.0,64.67945172550226,54.62149908339359,22.177799999999998,-0.0024381429692750243,0
630.0,154.0,149.18215936533664,154.0,0.0,71.86522911128864,56.34530615068672,22.6062,-0.0022501254421999494,0
635.0,154.0,149.11887069882255,154.0,0.0,80.54290262614812,58.74038449653374,22.9896,-0.0019844207903789964,0
640.0,153.66666666666666,148.7751326926216,153.66666666666666,0.0,88.14183214114216,61.751676221874256,23.3868,-0.0016669358821478602,0
645.0,153.33333333333334,148.22031045897916,153.33333333333334,0.0,95.73261720694043,65.33235630159164,23.8428,-0.0013033822207303165,0
650.0,153.0,148.82846513071556,153.0,0.0,100.71534627949507,69.22946452076054,24.2988,-0.0009447192297206533,0
655.0,152.0,147.9311230499449,152.0,0.0,97.26144310784417,72.83827134275323,25.299,-0.0006798121809504909,0
660.0,152.0,147.85808973604568,152.0,0.0,98.07048350960864,76.53692019595,26.118000000000002,-0.0004687822046305838,0
665.0,152.0,147.7462066127139,152.0,0.0,96.83335942333659,80.18338672439523,26.118000000000002,-0.00031043244655329334,0
670.0,151.5,147.53425887645122,151.5,0.0,92.90975880576475,83.39825334509332,26.118000000000002,-0.00021487030321705813,0
675.0,151.0,147.52316717895317,151.0,0.0,88.11904565098456,86.10538992075719,26.2044,-0.00018043237535181876,0
680.0,150.5,147.23933071397298,150.5,0.0,84.38067807798195,88.2710123055031,26.2044,-0.00018185103746678954,0
685.0,150.0,147.23933071397298,150.0,0.0,78.56112941720386,89.42781877981157,26.2044,-0.00021391328107161006,0
690.0,149.5,147.33733877615643,149.5,0.0,73.04272208827507,89.52594319456045,26.3106,-0.0002748737793421743,0
695.0,149.0,147.51018519798103,149.0,0.0,68.49149074839417,88.52165887141427,26.443800000000003,-0.0003738880621963659,0
700.0,148.5,147.57037514284437,148.5,0.0,68.46483044169202,86.88190872979344,26.887500000000003,-0.00048137682029587516,0
705.0,148.0,147.7539076247108,148.0,0.0,70.79197821106852,84.80352214680411,27.6417,-0.00059509851050575,0
710.0,148.5,147.83115908782793,148.5,0.0,72.15558164650268,82.42354176072142,28.0188,-0.0007325445235535455,0
715.0,149.0,147.42882939102918,149.0,0.0,73.45807838274106,80.43992803362949,28.0188,-0.0008888844876489996,0
720.0,149.0,147.3044837169741,149.0,0.0,79.63199075960864,78.90338697112949,28.377,-0.0010329020707974164,0
725.0,149.0,146.89788050467408,149.0,0.0,82.82878916898936,77.7363394499339,28.7613,-0.0011851784285888697,0
730.0,149.0,146.99849971582617,149.0,0.0,91.03664618921341,77.58024673188794,28.813499999999998,-0.0013242198858663887,0
735.0,149.5,146.89191682903814,149.5,0.0,99.75665724501732,78.55004769805734,28.9476,-0.0014364803441325976,0
740.0,150.0,146.66041317411683,150.0,0.0,107.82939397375412,80.50410735603835,29.0295,-0.001529749174164495,0
745.0,149.0,146.61353070533497,149.0,0.0,117.01820954508851,83.70886403336208,29.0295,-0.001621044276246033,0
750.0,148.5,146.24323358058635,148.5,0.0,136.09696782719303,88.96338451160523,29.0295,-0.0016440790446005267,0
755.0,148.0,146.32734135794612,148.0,0.0,154.9888369495025,96.17149669503094,28.8693,-0.00160099669244716,0
760.0,148.5,146.52009172498495,148.5,0.0,167.11254361505297,104.39213945947768,28.657799999999998,-0.0015164793232145858,0
765.0,149.0,146.24949803086847,149.0,0.0,179.94550741462632,113.4882668931075,28.503,-0.00137696260801867,0
770.0,148.0,146.1504165198701,148.0,0.0,191.63240077177932,123.44466848688053,28.3734,-0.0011630561017868255,0
775.0,148.0,147.12015542855065,148.0,0.0,196.02975155494502,133.65897458456422,28.3734,-0.0008473485443521887,0
780.0,148.0,147.7033910301769,148.0,0.0,202.95973108955428,143.93628627872633,28.3734,-0.0004428803055454122,0
785.0,148.5,147.77920225068274,148.5,0.0,206.39012171036535,154.2330639905077,28.668599999999998,3.179656937108907e-05,0
790.0,149.0,147.8246815071639,149.0,0.0,203.09862425753806,163.57156216286805,29.3634,0.0005338263116311379,0
795.0,149.5,147.8246815071639,149.5,0.0,199.34471173165758,171.87056670342142,29.586599999999997,0.001055945130276471,0
800.0,150.0,147.8246815071639,150.0,0.0,200.69421625006333,179.60930189311387,29.586599999999997,0.001615983865328359,0
805.0,150.0,147.8246815071639,150.0,0.0,197.92148985294523,186.35124191876858,29.586599999999997,0.0021913547343431227,0
810.0,150.0,147.8246815071639,150.0,0.0,185.49717636785277,190.46792596382355,29.2806,0.0027157333668804927,0
815.0,150.0,147.8246815071639,150.0,0.0,173.50269480163757,192.0107474515015,28.917,0.003196070275672617,0
820.0,150.0,147.8246815071639,150.0,0.0,160.643493486932,191.47165994082476,28.7352,0.0036109026638869116,0
825.0,151.0,147.8246815071639,151.0,0.0,150.624055709677,189.02820563207896,28.5282,0.003973440881692391,0
830.0,151.0,147.8246815071639,151.0,0.0,136.36330157646591,184.42244736580287,28.099800000000002,0.004271687445594367,0
835.0,151.0,147.8246815071639,151.0,0.0,126.42148477807635,178.62175846773047,27.657,0.004538256858069806,0
840.0,151.5,147.8246815071639,151.5,0.0,121.56561281680872,171.83891527833498,27.0729,0.0047784832855048975,0
845.0,152.0,147.70537832791882,152.0,0.0,117.39515084959746,164.42266770660433,27.0486,0.005015748612297371,0
850.0,152.5,148.0526983444485,152.5,0.0,112.1284123663039,156.84181671566816,26.76285,0.005206680434371059,0
855.0,153.0,147.7608272783407,153.0,0.0,106.39813567754688,149.09626871115893,26.698050000000002,0.005336680435991728,0
860.0,153.5,147.7608272783407,153.5,0.0,102.63369744326725,140.92455881059257,26.62245,0.005416250361077659,0
865.0,154.0,147.7094379470779,154.0,0.0,101.16289179604118,132.86134230585057,26.750700000000002,0.0054479181966223264,0
870.0,154.0,147.7094379470779,154.0,0.0,99.49725886424602,125.69468251388336,26.844749999999998,0.005355268196501482,0
875.0,154.0,147.57732129895635,154.0,0.0,96.576139252742,119.28413621814207,26.844749999999998,0.005124207716912067,0
880.0,154.5,147.62192674811354,154.5,0.0,98.2103643469788,114.08137545647928,26.9433,0.00482233373203553,0
885.0,155.0,147.62192674811354,155.0,0.0,101.45589973745845,109.98402912546108,27.081899999999997,0.004449751110981921,0
890.0,155.0,147.62192674811354,155.0,0.0,104.0160102903196,107.28842151828223,27.081899999999997,0.004004661336292369,0
895.0,155.0,147.6264655258962,155.0,0.0,108.65316112643923,105.80772788064577,27.081899999999997,0.0035496657934672477,0
900.0,155.0,147.6264655258962,155.0,0.0,112.9232322841076,105.08752950292069,26.988300000000002,0.00306750850432215,0
905.0,155.0,147.67730885557813,155.0,0.0,114.95487045431736,104.88417280331402,25.8705,0.0025854194365039665,0
910.0,154.0,148.15779907908595,154.0,0.0,111.32883132185941,104.81754104961033,24.544800000000002,0.0021383359777657402,0
915.0,153.0,149.45874486144405,153.0,0.0,106.41638058684921,104.81906145871885,23.8032,0.0017349645656952971,0
920.0,153.0,149.45874486144405,153.0,0.0,100.28633045341417,104.62344754289775,23.8032,0.0013337972424852526,0
925.0,153.0,149.45874486144405,153.0,0.0,88.4540101254326,103.56437407034703,23.8032,0.000916633204044699,0
930.0,154.0,149.51832354497756,154.0,0.0,80.00881543076616,101.94033711755704,23.9418,0.0005599307848060905,0
935.0,154.0,148.16907580345762,154.0,0.0,76.6344645174983,100.27853088962007,24.83595,0.0002675751473689202,0
940.0,154.0,147.87160563083688,154.0,0.0,77.42542463895509,98.54645258061811,25.60545,4.364912394310913e-05,0
945.0,154.0,147.83116502451605,154.0,0.0,80.30973656926247,96.78427231660176,26.3736,-0.0001348493895392885,0
950.0,154.0,147.76360103381808,154.0,0.0,84.24963531535019,95.13707440202097,26.3736,-0.00023801519554441804,0
955.0,154.0,147.6660681662085,154.0,0.0,90.00623935967126,93.58316425479033,26.3736,-0.00028549098098923245,0
960.0,154.0,147.63224660609762,154.0,0.0,93.29843843196306,91.94776476711161,26.3709,-0.00033024310770426963,0
965.0,154.0,147.74524808053292,154.0,0.0,93.15047926953045,90.13073216837937,25.8795,-0.0003819274457914628,0
970.0,154.0,147.67723831776084,154.0,0.0,91.24103346622577,88.45674901374322,25.7103,-0.00043603612763084393,0
975.0,153.5,147.70886712057052,153.5,0.0,89.37616995611472,87.03673146118201,25.625700000000002,-0.00047746067993811593,0
980.0,153.0,147.71485534572366,153.0,0.0,88.8843968130571,86.08657032448559,25.5843,-0.0005048017597292608,0
985.0,154.0,147.85822786081266,154.0,0.0,88.40462601944171,86.08245498231969,25.344900000000003,-0.0005245686753959355,1
990.0,155.0,147.89898610168328,155.0,0.0,87.5850107681355,86.71380459376714,24.866100000000003,-0.0005251372769541373,1
995.0,156.0,148.9783649071209,156.0,0.0,84.89304158031939,87.40201934900222,23.985,-0.0005072419362518494,1
1000.0,156.0,149.33497214852295,156.0,0.0,81.09526362193172,87.70783926425027,23.151,-0.000500158456805766,1
1005.0,156.0,149.1540486918741,156.0,0.0,78.27508437095821,87.53828491439158,22.725,-0.0005026625599434219,1
1010.0,156.0,149.53757740878282,155.8388899465253,0.1611100534746985,73.84460874683765,86.67119936701555,22.299,-0.0005185057460948824,1
1015.0,155.75,149.65591485339903,155.44101608050286,0.30898391949712445,68.74594715725101,84.89950835014719,21.9024,-0.0005686808841225639,1
1020.0,155.5,149.7319717067639,155.05499048246514,0.4450095175348682,63.33888933712451,82.40287925891064,21.535199999999996,-0.0006582086126502624,1
1025.0,155.25,150.15344168438617,154.68915227381888,0.5608477261811115,60.477899836571325,79.68016430616404,21.258,-0.0007710358676862556,1
1030.0,155.0,149.89681150757025,154.3260442659684,0.6739557340315966,59.72730150004059,77.05401997564861,21.1644,-0.0008742278622291105,1
1035.0,155.0,150.01014253244065,154.21859723393595,0.7814027660640593,56.825856550968346,74.34149385855308,21.1644,-0.0009908436432865915,1
1040.0,154.0,149.51032938722926,153.126341049074,0.8736589509259953,53.701469156850806,71.40958322053591,21.1644,-0.0011170629706741793,1
1045.0,153.5,149.4179926350906,152.54658285003015,0.9534171499698495,50.31948875603281,68.23582178191849,22.0248,-0.0012222128213244022,1
1050.0,153.0,149.0606312384495,151.97238457104638,1.0276154289536348,50.993639856131,65.18654087258479,23.745600000000003,-0.0013094177289633493,1
1055.0,153.66666666666666,147.5049347004969,152.51114883558836,1.1555178310783067,53.89376437596875,62.60326777222222,25.0302,-0.0013907435858543891,1
1060.0,154.33333333333334,147.33454412868915,153.03218422922163,1.301149104111723,57.69342643335835,60.65311467317445,25.8786,-0.0014793692579152251,1
1065.0,155.0,147.33454412868915,153.54019373801404,1.4598062619859704,63.65731354225446,59.4349671041158,26.727,-0.0015686718738049507,1
1070.0,155.0,147.3242114270655,153.38524469154603,1.6147553084539528,70.41069404461689,59.1488075455974,27.1512,-0.001667533353996501,1
1075.0,155.0,147.32132899038865,153.23409731032285,1.7659026896771568,82.17271485809309,60.26770485400092,27.1512,-0.001747380053386983,1
1080.0,155.0,147.10506427504498,153.08132199574663,1.9186780042533724,89.85813218189915,62.47764175773213,27.2457,-0.001807066130981289,1
1085.0,155.0,146.63199830969089,152.92053941490096,2.079460585099035,94.20988234491597,65.28864030009419,27.4347,-0.0018499948344396049,1
1090.0,156.0,146.45395610880357,153.73432534355427,2.265674656445739,100.60395314522268,68.69502793719269,27.9252,-0.0018568064596956866,1
1095.0,156.5,146.2200988844171,154.03442019338155,2.465579806618437,106.19887236690238,72.80944592185386,28.1475,-0.0018363248451791821,1
1100.0,157.0,146.07544882175335,154.3233964203966,2.676603579603411,109.71797843197974,77.47748836144794,28.1475,-0.0018084387705268816,1
1105.0,157.0,145.9223167623624,154.11381994025146,2.8861800597485345,110.34019119741947,82.47921356489682,28.1475,-0.00179544973070984,1
1110.0,157.0,145.4033271919121,153.8965081328487,3.1034918671512877,112.5471033432608,87.60866885549098,27.8001,-0.0017842943076647778,1
1115.0,156.5,145.47373388937078,153.1988892880675,3.301110711932505,115.04770237210435,92.70483035516895,27.3474,-0.0017558022015027284,1
1120.0,156.0,145.97660328085536,152.53128264919292,3.4687173508070774,114.28413425406809,97.42072267356143,26.7894,-0.001717689698066463,1
1125.0,156.0,146.32006338016316,152.37645267877292,3.6235473212270906,113.9537912131424,101.61209581280208,26.4006,-0.001670033716966156,1
1130.0,156.0,146.3956710190521,152.22738364858563,3.77261635141438,113.31794389491317,105.18769996699343,26.181,-0.0016028971189315285,1
1135.0,156.0,146.4386360068707,152.0831154688485,3.916884531151522,119.03575619826466,108.25962007867442,26.028,-0.001464982757340693,1
1140.0,156.0,146.4830093653602,151.943563327567,4.056436672432998,128.98642916929657,111.52031149429085,25.9848,-0.0012235671627069808,1
1145.0,156.0,146.9686960217244,151.81964215622668,4.180357843773332,139.06738546149788,115.25843675400601,25.9848,-0.000895668273378277,1
1150.0,156.0,147.45363986996185,151.71094261037578,4.2890573896242215,148.63721018278505,119.26120817380287,25.9848,-0.0005013996171780178,1
1155.0,155.66666666666666,147.36892053763654,151.27784256986303,4.388824096803638,153.7036636222646,123.2199407784164,26.163600000000002,-5.739548777793799e-05,1
1160.0,155.33333333333334,147.89339124917436,150.86868179815156,4.46465153518179,159.58689648321342,127.37568394935255,26.2068,0.0004450441218750402,1
1165.0,155.0,147.89339124917436,150.46975004573284,4.5302499542671555,163.40206206647986,131.79750652177424,26.2068,0.0010028616904530043,1
1170.0,153.0,147.89339124917436,148.45579158712462,4.544208412875387,162.73027550273935,135.9794375350641,26.2068,0.0015665948732178955,1
1175.0,152.5,147.8818738290685,147.95439415447893,4.545605845521059,170.5760728534591,140.60680174184367,25.704900000000002,0.0021997833929513775,1
1180.0,152.0,148.25555906634628,152.0,4.545605845521059,172.14519610496018,145.4285568960847,25.247700000000002,0.002867030630368438,0
1185.0,152.5,148.25555906634628,152.5,4.545605845521059,169.14451107239438,150.02778355102234,25.247700000000002,0.003531309301960153,0
1190.0,153.0,148.25555906634628,153.0,4.545605845521059,165.77835909242947,154.39948481748203,25.247700000000002,0.004192106726923262,0
1195.0,153.0,148.25555906634628,153.0,4.545605845521059,168.7471632761792,158.54210207397492,25.2774,0.004854192521640688,0
1200.0,154.0,147.89339124917436,154.0,4.545605845521059,167.23430955035784,161.72942543906336,26.078400000000002,0.005489534616097959,0
1205.0,155.0,147.8246815071639,155.0,4.545605845521059,161.38971677719775,163.5896197153717,26.8524,0.006061479676020904,0
1210.0,156.0,147.8246815071639,156.0,4.545605845521059,156.01864169030455,164.20473900766498,26.8524,0.0065507359102515705,0
1215.0,156.5,147.8246815071639,156.5,4.545605845521059,153.02720337275505,164.14836732020584,26.8524,0.006974489364556947,0
1220.0,157.0,147.8246815071639,157.0,4.545605845521059,147.93091156193793,163.17703524343287,26.5086,0.0073327387064715,0
1225.0,156.5,147.8818738290685,156.5,4.545605845521059,138.3373729720668,161.0883111522318,25.902900000000002,0.007622476374190122,0
1230.0,156.0,147.8790400595106,156.0,4.545605845521059,129.72227861561794,158.3376447449717,25.6767,0.00784830905476107,0
1235.0,156.33333333333334,147.8790400595106,156.33333333333334,4.545605845521059,115.40903459020629,153.74039155636729,25.674,0.00796951476368928,0
1240.0,156.66666666666666,148.09029981677756,156.66666666666666,4.545605845521059,101.52700824207717,147.8555425677937,25.5636,0.007998461823786714,0
1245.0,157.0,148.1539322251734,157.0,4.545605845521059,91.35242028575607,141.37286833557383,25.475699999999996,0.007951231435277475,0
1250.0,157.0,147.95404266028035,157.0,4.545605845521059,83.10361276065746,134.4833061412595,25.475699999999996,0.007836503476847813,0
1255.0,157.0,147.8643865720341,157.0,4.545605845521059,79.48742477154835,127.04499459920693,25.5309,0.007634564214470862,0
1260.0,156.5,147.737457860122,156.5,4.545605845521059,75.97761340887675,119.44026992075017,25.5447,0.007316387250689583,0
1265.0,156.0,147.91708488731803,156.0,4.545605845521059,72.1019992416285,111.99962679278606,25.5447,0.0068824833832798514,0
1270.0,156.0,147.98780626267987,156.0,4.545605845521059,70.40079264214202,104.86480603877253,25.6464,0.006356479795131576,0
1275.0,156.5,148.0555567205385,156.5,4.545605845521059,72.27879133154673,98.13577170200516,25.7526,0.0058019760258359145,0
1280.0,157.0,148.03391247068433,157.0,4.545605845521059,71.0600954087625,91.72987035590722,25.965000000000003,0.005191991092258923,0
1285.0,156.0,148.3384187742499,156.0,4.545605845521059,73.30044517505567,86.31012637282295,26.3808,0.004564993828490995,0
1290.0,156.5,148.45231015221722,156.5,4.545605845521059,74.3685432120706,81.697315089194,27.0729,0.003938256746696063,0
1295.0,157.0,148.4562927081582,157.0,4.545605845521059,79.06490337022007,78.6686374875285,27.737099999999998,0.0032625385227561914,0
1300.0,157.0,148.46329910313088,157.0,4.545605845521059,84.93531466857723,77.2859963564035,28.0962,0.0025804869183193506,0
1305.0,158.0,148.39965777187845,158.0,4.545605845521059,90.86996310953356,77.24579159171829,28.0962,0.0019227176588876667,0
1310.0,158.0,148.31850041124184,158.0,4.545605845521059,94.48536715574042,78.19427112464187,28.0962,0.0012769858319777857,0
1315.0,158.0,148.24207712310078,158.0,4.545605845521059,94.89398127214847,79.47815083302521,28.0692,0.0005804420047536067,0
1320.0,159.0,148.00194147924054,159.0,4.545605845521059,96.9156750425422,81.22298930249734,28.1466,-0.00010518411530784072,0
1325.0,158.5,147.56190522804076,158.5,4.545605845521059,97.82010494404248,83.3661647776985,28.0692,-0.0007293568340474023,0
1330.0,158.0,146.61434076674982,158.0,4.545605845521059,95.91492545452762,85.49234251206396,28.0692,-0.0013045612818185087,0
1335.0,159.0,146.293101243398,159.0,4.545605845521059,95.87023794979723,87.45829639691817,28.17,-0.001837421086202406,0
1340.0,158.5,146.25718533421244,158.5,4.545605845521059,100.26881955624947,89.89235674254208,28.3275,-0.0022905269297660356,0
1345.0,158.0,146.25189643582326,158.0,4.545605845521059,103.91588145031038,92.44364309881331,28.637100000000004,-0.0026500427058209607,0
1350.0,158.0,146.25189643582326,158.0,4.545605845521059,105.99754531713178,95.07939327423507,28.8936,-0.002948719387377516,0
1355.0,157.0,146.25605513270142,157.0,4.545605845521059,109.25636427601867,97.5953483497183,29.0016,-0.00314975645890269,0
1360.0,157.0,146.22291823709466,157.0,4.545605845521059,113.54588064909032,99.97956218142771,29.1636,-0.0032514074809256587,0
1365.0,157.0,146.22291823709466,157.0,4.545605845521059,116.7550264993881,102.13665079724893,29.1636,-0.003285932200156281,0
1370.0,157.0,146.23252729076495,157.0,4.545605845521059,118.56175393324472,104.14301636204095,29.1636,-0.003269863649806612,0
1375.0,156.5,146.32888114661537,156.5,4.545605845521059,120.76459532756469,106.29890086665897,28.8756,-0.0032199928132746985,0
1380.0,156.0,146.32888114661537,151.45439415447893,4.545605845521059,120.13599952436459,108.23392790681085,28.7016,-0.0031476222597829825,1
1385.0,156.0,146.2800393390414,151.45439415447893,4.545605845521059,120.88597563233373,110.15608379750176,28.7016,-0.003039862794132922,1
1390.0,155.66666666666666,146.2800393390414,151.1210608211456,4.545605845521059,120.98974426102748,112.24565203137676,28.7016,-0.0029126928141810136,1
1395.0,155.33333333333334,146.2800393390414,150.78772748781228,4.545605845521059,116.87053400307443,113.9956767024832,28.848599999999998,-0.0028193670640218656,1
1400.0,155.0,146.21914488698093,150.45439415447893,4.545605845521059,113.88977806927608,115.13075657856875,28.848599999999998,-0.002727918700347604,1
1405.0,156.0,146.21914488698093,151.3239634340972,4.676036565902778,112.34409502739277,115.83310770999226,28.848599999999998,-0.002653932485865705,1
1410.0,156.0,146.21914488698093,151.19679348172505,4.803206518274954,113.01511108534696,116.41790485734356,28.8399,-0.002569531248112876,1
1415.0,156.0,146.21914488698093,151.07280277816218,4.927197221837826,107.90992662141953,116.30570171946029,28.5057,-0.002527015418283053,1
1420.0,155.5,146.1330117496231,150.46225851375442,5.037741486245571,103.01565695595582,115.42818307836573,28.296,-0.0025272896369054696,1
1425.0,155.0,146.1842971480133,149.86825999091664,5.1317400090833685,99.4807694041559,113.98866165376306,28.245600000000003,-0.0025598191147436717,1
1430.0,156.0,146.1842971480133,150.75161143114977,5.248388568850221,97.74237384219518,112.25371331284225,28.2204,-0.002598245322234186,1
1435.0,156.5,146.23228515822345,151.12657878563235,5.3734212143676485,98.25305353519329,110.37775149681131,27.9531,-0.0026077448880302227,1
1440.0,157.0,146.22774638044078,151.4920584868083,5.507941513191707,94.4025699260826,108.23329903028781,27.4185,-0.0026287946347986584,1
1445.0,156.0,146.21918816980494,150.38568724018893,5.614312759811059,94.5993331531102,106.04274549035252,27.1044,-0.002635596331053931,1
1450.0,155.66666666666666,146.21918816980494,149.95697527473507,5.709691391931595,93.21987509747531,103.72858972672317,26.604300000000002,-0.0026209049171061452,1
1455.0,155.33333333333334,146.33414896080308,149.5418551281925,5.791478205140831,91.34596907260129,101.60154264918374,25.6977,-0.002590279056711378,1
1460.0,155.0,146.73807140159988,149.1472110463334,5.8527889536665825,86.7321901812028,99.33841032517763,25.159200000000002,-0.0025854654084853496,1
1465.0,155.0,146.73807140159988,149.08743306652082,5.91256693347919,80.67686295107467,96.6994743188178,25.0452,-0.002610675836482585,1
1470.0,155.0,147.00786987875742,149.03589449813245,5.964105501867544,77.08428178774523,93.70523854401763,24.9876,-0.0026419667228553497,1
1475.0,154.75,147.00799408458946,148.74189749909962,6.008102500900388,72.98059994989973,90.794461321391,24.9876,-0.0026924969256387475,1
1480.0,154.5,146.93410611924642,148.453403225909,6.046596774090987,72.3579707568986,88.23965413813623,25.0452,-0.0027473498241261697,1
1485.0,155.0,147.046869919725,148.90619040456014,6.093809595439856,71.8447432574211,85.93665195924166,25.477200000000003,-0.0028129945411242622,1
1490.0,155.5,146.86652748326424,149.34314934283347,6.1568506571665225,72.72096836258093,83.85153483594048,26.3412,-0.0028857631812679585,1
1495.0,156.0,146.8953567510924,149.76990503934567,6.230094960654318,74.4065334322689,81.86432482736345,27.2628,-0.0029797958985384736,1
1500.0,156.0,146.98021246878588,149.70061323638743,6.299386763612582,77.14176266202468,80.42592422202529,27.675,-0.0030796194019138677,1
1505.0,156.0,146.9513832009577,149.6323329968074,6.367667003192594,75.36996586537018,78.82347694804695,27.675,-0.003227652301728084,1
1510.0,156.0,147.0101264700314,149.56722834494374,6.432771655056263,70.05350080945652,76.89294575737871,27.675,-0.003445145508427131,1
1515.0,156.0,147.03013739780388,149.50425158257096,6.495748417429029,66.73691786918249,74.84219149042714,27.4842,-0.0036822244518766624,1
1520.0,156.0,147.2968833168319,149.4495178872332,6.550482112766774,66.36361474565061,73.14481020413113,27.1998,-0.003914612596638039,1
1525.0,156.16666666666666,147.29886852956795,149.55870216459732,6.607964502069342,65.68607224879487,71.89557764560782,27.026699999999998,-0.004139595732951346,1
1530.0,156.33333333333334,147.31726447540538,149.66561673367326,6.667716599660076,61.04780590537816,70.55920465541057,27.026699999999998,-0.004392641823871489,1
1535.0,156.5,147.39563632940457,149.7718177348723,6.728182265127728,61.03529471412379,69.56376255242924,27.026699999999998,-0.004608775306252586,1
1540.0,156.16666666666666,147.44346372299296,149.38905939588102,6.777607270785646,66.79712782175972,69.10035897450099,27.279899999999998,-0.004754435864439597,1
1545.0,155.83333333333334,147.3039312974544,149.0123817047261,6.820951628607248,72.99149055567702,69.19592124935565,27.9099,-0.004845579152538405,1
1550.0,155.5,147.34052902636265,148.64603589907273,6.85396410092727,75.74273543731145,69.44773517224986,28.1877,-0.004923505348287794,1
1555.0,155.25,147.72451595678422,148.37969841182124,6.8703015881787515,77.82893209933427,69.73293506117199,28.1877,-0.005012356719905742,1
1560.0,155.0,147.32747572600144,148.1100933559815,6.889906644018516,81.90765438584094,70.13009270482333,28.1877,-0.0050758972194932875,1
1565.0,155.0,147.20339337816966,148.08787636784191,6.91212363215808,88.20663223198977,71.19981490204164,27.749399999999998,-0.00512148120011523,1
1570.0,155.0,147.19446375716032,148.0659915638806,6.934008436119389,94.04029358950542,73.19871430037904,27.009,-0.005134293760285685,1
1575.0,155.0,146.76634963548707,148.0339510269765,6.966048973023496,97.9989379953581,75.80388264422702,26.709600000000002,-0.005122184476809976,1
1580.0,155.0,146.18709817119213,147.98823021688762,7.011769783112374,102.21247950192699,78.79128804058337,26.5323,-0.005063884322912371,1
1585.0,155.0,145.72437768919536,147.93208441500104,7.06791558499895,107.07064677691332,82.24000258459324,26.3826,-0.004939583993220554,1
1590.0,154.5,145.78134017109628,147.39126632020916,7.108733679790839,110.69044302024295,86.37688901083197,26.3826,-0.0047685642121075246,1
1595.0,154.0,145.92862412126215,146.8676507765412,7.1323492234587835,113.25066271643038,90.72816967769086,26.528100000000002,-0.004556844984371492,1
1600.0,155.0,146.02716325040686,147.82208909969359,7.177910900306411,116.21554196709658,94.84637085646894,26.6004,-0.004330465441256447,1
1605.0,155.0,146.23252729076495,147.7828005657761,7.217199434223897,115.76953961603621,98.41120827816553,26.540399999999998,-0.004103600248582899,1
1610.0,155.0,146.31866042812277,147.7466475736405,7.253352426359499,113.86592239413415,101.58814052456744,26.6004,-0.0038856175647750007,1
1615.0,155.0,146.31866042812277,147.7113984063083,7.288601593691712,111.09031258247876,104.35992223149613,26.6004,-0.003679773063698535,1
1620.0,155.0,146.31866042812277,147.6770304681594,7.322969531840618,108.17798434492701,106.54911639475331,26.540399999999998,-0.0034886629157575015,1
1625.0,155.5,146.23252729076495,148.12886840003026,7.371131599969749,103.73080379759148,107.84279735855345,26.4285,-0.003287810200920841,1
1630.0,156.0,146.29134953847068,148.570880939797,7.429119060203006,97.8588422265687,108.16100974497539,26.0379,-0.0030586492516261154,1
1635.0,155.5,146.71614158231444,148.03746296716565,7.462537032834339,91.671712142636,107.6337409239152,25.3161,-0.0028173396023113456,1
1640.0,155.0,147.19545069714815,147.52936317172095,7.470636828279045,82.64464156154098,106.00308776221637,24.4899,-0.002607173426550896,1
1645.0,155.0,147.85810213948892,147.5380321572209,7.4619678427791145,72.25807628365854,103.1020402211118,24.0264,-0.0024438094785600886,1
1650.0,155.0,147.9587840674735,147.54900146628293,7.450998533717068,65.30792637537382,99.32016383403938,24.0264,-0.002281762132674689,1
1655.0,155.0,147.99998699304385,147.5607266157577,7.4392733842423135,58.58627412314918,94.76479811793263,24.0264,-0.0021534814748425534,1
1660.0,155.0,148.1990315683617,147.5771347508785,7.422865249121482,53.839052606765385,89.56675733790502,23.9544,-0.002085542728166591,1
1665.0,155.0,148.49621131109726,147.60056217618973,7.399437823810283,51.2271215385282,84.1882224981127,24.084,-0.0020649040971691523,1
1670.0,155.0,148.5319445761974,147.62429724749563,7.37570275250436,51.141927671691334,78.96122293790911,24.3216,-0.0020522372313970414,1
1675.0,155.0,148.03031620447285,147.6348982327258,7.365101767274198,51.34867966562615,73.98275352817139,24.414,-0.002043735586076631,1
1680.0,155.0,148.29405973101572,147.65182778148878,7.348172218511219,51.46668190558786,69.25681165822647,24.3396,-0.0020525916850736487,1
1685.0,155.33333333333334,149.1844999349803,148.0155950966318,7.317738236701533,50.533383812909605,64.82369332616965,24.2652,-0.002105314066089623,1
1690.0,155.66666666666666,149.1844999349803,148.37026822889624,7.296398437770423,49.16304123698467,60.76570991037098,24.2652,-0.0022132337944850513,1
1695.0,156.0,149.18381348843775,148.7160573716905,7.283942628309488,46.93734733034674,57.037846176013545,24.2652,-0.0023795702722119137,1
1700.0,156.5,149.13133286780686,149.21438977039915,7.285610229600848,44.92466893636134,53.894515123915234,24.264000000000003,-0.002607838238173348,1
1705.0,157.0,148.97022421591217,149.6962361428427,7.303763857157291,44.254874242581025,51.56091495382545,24.246000000000002,-0.002893548905624691,1
1710.0,156.0,148.97022421591217,148.7035363559752,7.296463644024824,43.99436489622637,49.784784830563154,24.228,-0.0032262148854852193,1
1715.0,156.0,148.97022421591217,148.71065406377934,7.289345936220668,43.74413724420933,48.54794009065151,24.246000000000002,-0.00359283023648873,1
1720.0,156.0,148.97022421591217,148.7175938288884,7.282406171111616,44.00817283931422,47.728700110030566,24.282000000000004,-0.00398321838253736,1
1725.0,156.0,148.07991590290035,148.70210239204442,7.297897607955586,44.55269082093599,47.17249755023122,24.4557,-0.004369928740690028,1
1730.0,156.0,147.54336695735768,148.67358451748296,7.326415482517024,41.86248979279637,46.3992110603233,24.5313,-0.004765341836186423,1
1735.0,155.5,148.14225183682805,148.17325171177234,7.326748288227666,39.867522505483414,45.442447963644746,24.5313,-0.005156343966694669,1
1740.0,155.0,148.14225183682805,155.0,7.326748288227666,40.29137550034163,44.51117242987422,24.5313,-0.005524350546864468,0
1745.0,153.71428571428572,149.31878707447294,153.71428571428572,7.326748288227666,34.20286258605393,43.15029566096958,24.18454285714286,-0.005908256260125013,0
1750.0,152.42857142857142,149.3437396796342,152.42857142857142,7.326748288227666,25.31187467124723,41.16269844715813,23.65122857142857,-0.006320298332355505,0
1755.0,151.14285714285714,149.48186004799237,151.14285714285714,7.326748288227666,9.277829959892138,38.024405332953584,23.117914285714285,-0.006816037319271069,0
1760.0,149.85714285714286,149.48186004799237,149.85714285714286,7.326748288227666,0.0,34.280682921590135,22.584600000000002,-0.007435313743751236,0
1765.0,148.57142857142858,149.63126638275264,148.57142857142858,7.326748288227666,0.0,30.592776734708384,22.05128571428571,-0.008289297827719437,0
1770.0,147.28571428571428,149.63126638275264,147.28571428571428,7.326748288227666,0.0,26.926579660022853,22.045114285714284,-0.010036692287800013,0
1775.0,146.0,149.63126638275264,146.0,7.326748288227666,0.0,23.281234889672078,22.045114285714284,-0.011776732657795571,0
1780.0,146.0,149.63126638275264,146.0,7.326748288227666,0.0,19.61388715306256,22.045114285714284,-0.013243751096408176,0
1785.0,147.0,149.31878707447294,147.0,7.326748288227666,0.0,15.901162917984559,24.185249999999996,-0.013611911798008886,0
1790.0,148.0,147.96653235699011,148.0,7.326748288227666,29.98998786777124,14.911787757565799,27.94455,-0.013743903910772265,0
1795.0,149.0,147.9761564783833,149.0,7.326748288227666,49.31070140011731,15.698719332118623,30.27375,-0.013792380409150875,0
1800.0,150.0,147.9761564783833,150.0,7.326748288227666,68.39058600092307,18.040320207167074,31.172849999999997,-0.013784660726245103,0
1805.0,151.0,147.9761564783833,151.0,7.326748288227666,88.73735134747668,22.58486093728564,31.6539,-0.01372597045300696,0
1810.0,152.0,147.96648874696905,152.0,7.326748288227666,106.78482900327026,29.374273798287557,31.716900000000003,-0.013643292878587059,0
1815.0,152.0,147.22910145301083,152.0,7.326748288227666,116.13206871029604,38.27879369415455,31.9428,-0.013573489592999746,0
1820.0,151.5,146.48106965489205,151.5,7.326748288227666,121.71177129011078,48.421441301663776,31.9428,-0.013502390057170697,0
1825.0,151.0,146.48106965489205,151.0,7.326748288227666,129.17011973168871,59.18561794597118,31.9428,-0.013403566908134087,0
1830.0,150.0,146.44875886745808,150.0,7.326748288227666,134.94710657198763,70.43121016030348,31.8798,-0.013278425364146217,0
1835.0,151.5,146.14687875382916,151.5,7.326748288227666,136.47562898893747,81.80417924271494,31.590899999999998,-0.013141797058608469,0
1840.0,153.0,145.392460419826,153.0,7.326748288227666,138.90313891102485,93.37944081863367,31.527900000000002,-0.012990493043331436,0
1845.0,153.0,145.07649212013555,153.0,7.326748288227666,143.24040155701545,105.31614094838496,31.4334,-0.012809928993039614,0
1850.0,153.0,145.13567542609698,153.0,7.326748288227666,145.9148664557337,114.97654749738183,31.1571,-0.012580819695881693,0
1855.0,153.0,145.0629188263442,153.0,7.326748288227666,142.9706635461043,122.78154434288074,30.8808,-0.012338115509862782,0
1860.0,152.5,145.4642477641301,152.5,7.326748288227666,141.9419043741922,128.91082087398652,30.742649999999998,-0.01208800535546579,0
1865.0,152.0,145.61019345080183,152.0,7.326748288227666,144.1670310346657,133.52996084791894,30.667499999999997,-0.011767004647437166,0
1870.0,152.5,146.22843780980773,152.5,7.326748288227666,143.82244995465723,136.6164292605345,30.592349999999996,-0.011373176169390238,0
1875.0,153.0,146.22843780980773,153.0,7.326748288227666,140.74536771057586,138.66753751055782,30.592349999999996,-0.010873379544322569,0
1880.0,153.0,146.23039916105873,153.0,7.326748288227666,139.04432786441035,140.1119172250828,30.3444,-0.010208179456910086,0
1885.0,153.0,146.20256211118988,153.0,7.326748288227666,140.74520753089362,141.07650787501652,30.3156,-0.009241755372494616,0
1890.0,153.25,146.20256211118988,153.25,7.326748288227666,141.66587123063957,141.6364049299042,30.3156,-0.00734431163019465,0
1895.0,153.5,146.20256211118988,153.5,7.326748288227666,141.25845675027256,142.03497391001545,30.3156,-0.00542463282943425,0
1900.0,153.25,146.48570948323558,153.25,7.326748288227666,141.77347801014628,142.27416883494223,30.879,-0.0037613714590635605,0
1905.0,153.0,146.48570948323558,153.0,7.326748288227666,143.74997078363793,142.3166329371608,31.5882,-0.0031883563832817378,0
1910.0,153.0,146.48570948323558,153.0,7.326748288227666,146.6292098735547,142.37616155531254,31.7502,-0.0028526513648035445,0
1915.0,153.0,146.48570948323558,153.0,7.326748288227666,149.60984941431084,142.92942704432974,31.7502,-0.002598917458030565,0
1920.0,154.0,146.48570948323558,154.0,7.326748288227666,152.4611429865538,143.80603026202655,31.7502,-0.0024008320358921992,0
1925.0,154.5,146.48570948323558,154.5,7.326748288227666,154.77282494042925,144.68984642084015,31.4973,-0.0022459032130417106,0
1930.0,155.0,146.48570948323558,155.0,7.326748288227666,157.0866775800946,145.79519872295995,31.2471,-0.0020927742017994495,0
1935.0,154.0,146.48570948323558,154.0,7.326748288227666,158.02151571692636,147.23487772348915,30.587400000000002,-0.0018895715982706178,0
1940.0,154.0,146.4956506450669,154.0,7.326748288227666,154.21115433237682,148.49877992915302,29.374200000000002,-0.0016646726681132779,0
1945.0,154.0,146.4955043433827,154.0,7.326748288227666,146.33455593184712,148.9645589625658,28.017,-0.0014637934533831146,0
1950.0,154.0,146.48315148925363,154.0,7.326748288227666,141.35285023409588,148.9384738795205,26.7723,-0.001256226221886247,0
1955.0,154.0,147.18886517056112,154.0,7.326748288227666,141.35650170920874,148.9466442927652,26.060100000000002,-0.000989692946890615,0
1960.0,153.66666666666666,147.59513365793467,153.66666666666666,7.326748288227666,141.75177916060036,148.94483605530303,26.060100000000002,-0.0006710267693860574,0
1965.0,153.33333333333334,147.77210077218737,153.33333333333334,7.326748288227666,147.26961960991946,149.23814012415983,26.060100000000002,-0.00028787522534681943,0
1970.0,153.0,147.87286376479952,145.67325171177234,7.326748288227666,152.05575794576032,149.6903524635103,26.124000000000002,0.00014629852005129324,1
1975.0,152.0,147.8246815071639,144.67325171177234,7.326748288227666,152.52997205310078,149.9336960167428,27.1278,0.0005999174299618659,1
1980.0,152.0,147.8246815071639,144.67325171177234,7.326748288227666,147.04570862871108,149.4824098202559,28.7604,0.0009802359227675866,1
1985.0,152.5,147.8246815071639,145.17325171177234,7.326748288227666,142.38027904052012,148.44969766193012,29.6271,0.0012567679732737092,1
1990.0,153.0,147.8246815071639,145.67325171177234,7.326748288227666,136.2464744328512,146.7130140663265,29.6829,0.0014359725739809068,1
1995.0,153.0,147.8246815071639,145.72748796796284,7.272512032037146,133.27908730816773,144.65114503226332,29.7963,0.0015569923504228731,1
2000.0,152.75,147.8246815071639,145.5366183177486,7.21338168225139,130.33000772608878,142.6610494817393,29.92455,0.0016123824306943776,1
2005.0,152.5,147.70537832791882,145.3475378293086,7.152462170691404,132.71604696176485,141.52617373423246,30.01005,0.001630186346082781,1
2010.0,152.75,147.70537832791882,145.65068435307958,7.0993156469204175,136.06601700707537,141.08560429864738,30.09735,0.0016415343942841488,1
2015.0,153.0,147.70537832791882,145.94625221375628,7.053747786243705,142.81033797504762,141.20675732080065,30.27195,0.0016849577752813918,1
2020.0,153.5,147.8246815071639,146.4811634573972,7.018836542602784,153.32141920325483,142.17089399102184,30.5514,0.001782970787721651,1
2025.0,154.0,147.8246815071639,147.0027019199471,6.997298080052887,158.37924251776482,143.09669590000894,30.6684,0.0019013127211930448,1
2030.0,155.0,147.8246815071639,147.99870192093326,7.001298079066736,160.14455353212128,143.77076219887238,30.7593,0.002019844852579792,1
2035.0,155.0,147.8246815071639,147.99480192189475,7.005198078105239,162.91161198628694,144.6358988599712,30.847499999999997,0.0021445675017092137,1
2040.0,155.0,147.8246815071639,147.99099942283223,7.009000577167779,164.9824314189266,146.13062575915583,30.9384,0.002272083369038722,1
2045.0,155.0,147.8246815071639,147.98729198624625,7.012708013753755,161.71708672847353,147.74202639981863,30.9384,0.0023724616013251886,1
2050.0,155.0,147.8246815071639,147.98367723557493,7.016322764425083,155.88400452820073,149.37848724109776,31.284,0.002419090112942674,1
2055.0,155.0,147.8246815071639,147.98015285367038,7.019847146329627,153.5199300706856,151.06522413797424,31.406399999999998,0.0024234043254966193,1
2060.0,155.0,147.8246815071639,147.97671658131344,7.023283418686558,152.02875705354097,152.87345324859527,31.406399999999998,0.0024023981533195025,1
2065.0,155.0,147.8246815071639,147.97336621576542,7.026633784234565,152.05283659561735,154.48485238474964,31.406399999999998,0.002374362141177183,1
2070.0,154.5,147.8246815071639,147.48259960935613,7.017400390643873,152.11474786308526,155.82224662275047,30.975299999999997,0.002314265121609629,1
2075.0,154.0,147.8246815071639,147.00410216810704,6.995897831892949,151.02212356843535,156.5065620888661,30.4371,0.0021853707520373155,1
2080.0,154.5,147.8246815071639,147.5125671628892,6.987432837110797,149.27290288837312,156.16918572929265,29.8764,0.0019952645812468,1
2085.0,155.0,147.8246815071639,148.0083205328018,6.991679467198198,149.81759668093187,155.45571524288988,29.7054,0.001733894863230277,1
2090.0,155.5,147.8246815071639,148.4916800684666,7.008319931533414,152.14989608449875,154.78949378892133,29.7054,0.001431977481777754,1
2095.0,156.0,147.8246815071639,148.96295561573976,7.03704438426025,156.5608139523274,154.2602606194247,29.7054,0.001163995129603564,1
2100.0,157.0,147.8246815071639,149.9099492743311,7.090050725668916,165.21212902057232,154.27940208622852,30.1614,0.0010257381157929813,1
2105.0,157.0,147.8246815071639,149.85826809145763,7.141731908542365,178.5796145636005,155.68461273915577,30.2454,0.0010522894188160065,1
2110.0,157.33333333333334,147.8246815071639,150.13287893815604,7.200454395177311,188.56446609794682,158.40798453663461,30.2454,0.0012234974360478446,1
2115.0,157.66666666666666,147.8246815071639,150.40062451368695,7.266042152979716,201.5055429148972,162.40678560698558,30.2454,0.0015335897655683235,1
2120.0,158.0,147.8246815071639,150.6616764498296,7.3383235501703945,209.9619020438671,167.23454768951274,29.7426,0.0019614288653779263,1
2125.0,158.0,147.8246815071639,150.5912020875687,7.408797912431306,220.8574575008653,172.9682660982834,29.3823,0.002481971541288482,1
2130.0,158.0,147.8246815071639,150.5224895843643,7.477510415635695,241.21521067940978,180.39330466631046,29.164499999999997,0.00314049503725099,1
2135.0,158.0,147.8246815071639,150.45549489374002,7.544505106259974,242.43503528326994,188.01104730921335,29.107799999999997,0.003790996274529576,1
2140.0,158.0,147.8246815071639,150.39017507038136,7.609824929618647,257.86918653244686,197.06073761288613,29.107799999999997,0.004568460732916099,1
2145.0,158.0,147.8246815071639,150.32648824260664,7.673511757393352,257.86918653244686,206.06503676717907,29.107799999999997,0.005370231302840085,1
2150.0,158.0,147.8246815071639,150.2643935855263,7.73560641447369,257.86918653244686,214.87497763784143,29.242800000000003,0.00620034271218244,1
2155.0,158.0,147.8246815071639,150.20385129487298,7.7961487051270195,257.86918653244686,223.31734201951804,29.2986,0.006982231523079277,1
2160.0,158.0,147.8246815071639,150.144822561486,7.855177438514016,248.38967711328127,230.2488043605771,29.2986,0.007633728314331724,1
2165.0,158.0,147.8246815071639,150.08726954643367,7.912730453566337,218.26240595512598,233.55570364320423,29.2986,0.008118487845134236,1
2170.0,157.5,147.8246815071639,149.54365535675765,7.95634464324235,182.56577691391558,233.0558128778683,29.1672,0.00841949603304039,1
2175.0,157.0,147.8246815071639,157.0,7.95634464324235,166.24563403067617,230.11748713751658,29.1672,0.008639389304811219,0
2180.0,157.5,147.8246815071639,157.5,7.95634464324235,153.07345029174726,225.3767828248399,29.1672,0.008793553291509057,0
2185.0,158.0,147.8246815071639,158.0,7.95634464324235,142.71101531561374,218.86457930940227,29.331,0.008888237178866071,0
2190.0,158.0,147.8246815071639,158.0,7.95634464324235,134.65858131260586,209.98486019550194,29.828699999999998,0.008925112200066873,0
2195.0,158.0,147.8246815071639,158.0,7.95634464324235,130.42728681123293,200.65088115616552,30.2301,0.008923814669395456,0
2200.0,158.0,147.8246815071639,158.0,7.95634464324235,129.45010597211692,189.94929110947137,30.459600000000002,0.008893132600238902,0
2205.0,158.0,147.70537832791882,158.0,7.95634464324235,128.12155857594902,179.13698877976321,30.459600000000002,0.008813425018660595,0
2210.0,158.0,148.03288202574527,158.0,7.95634464324235,128.48754612600845,168.35518541256002,30.459600000000002,0.008684233819067631,0
2215.0,158.0,148.0526983444485,158.0,7.95634464324235,127.71037809308885,157.5086180426135,30.2598,0.008489702997089973,0
2220.0,158.0,148.0526983444485,158.0,7.95634464324235,126.4700336781422,147.3486477563519,30.057299999999998,0.008220242390953912,0
2225.0,158.0,148.0526983444485,158.0,7.95634464324235,127.66604775109813,139.79895123934958,30.057299999999998,0.007874290495198203,0
2230.0,158.0,148.0526983444485,158.0,7.95634464324235,127.80160206543607,135.23527000197632,30.024900000000002,0.007477392002886878,0
2235.0,158.0,148.0526983444485,158.0,7.95634464324235,129.86416343686707,132.20348078582555,30.024900000000002,0.007025861929877638,0
2240.0,157.0,148.0526983444485,157.0,7.95634464324235,133.22485501744933,130.54943117963404,30.168,0.006546778847161906,0
2245.0,157.0,148.0526983444485,157.0,7.95634464324235,136.5965903234143,130.03989576361744,30.4974,0.006013107939184863,0
2250.0,157.0,148.03288202574527,157.0,7.95634464324235,142.50852140617718,130.69405743808173,31.041,0.00536114191921357,0
2255.0,158.0,147.70537832791882,158.0,7.95634464324235,153.57054687743715,132.62266244359873,31.7538,0.004729333452289825,0
2260.0,157.5,147.8246815071639,157.5,7.95634464324235,167.92369067019445,135.82879450177185,32.408100000000005,0.003972026423301899,0
2265.0,157.0,147.8246815071639,157.0,7.95634464324235,181.51560577245962,140.2782984348144,32.9499,0.0032120522627722063,0
2270.0,158.0,147.8246815071639,158.0,7.95634464324235,197.64428350712407,146.04135988324072,33.459,0.002472633841399236,0
2275.0,158.0,147.8246815071639,158.0,7.95634464324235,213.4007925225319,153.18222775236097,33.6732,0.0018208841131627338,0
2280.0,158.0,147.8246815071639,158.0,7.95634464324235,223.04657390529397,161.23027277129026,33.6732,0.0013142734179030938,0
2285.0,158.0,147.8246815071639,158.0,7.95634464324235,223.97043190780585,169.2556381176826,33.6732,0.0009798250823504194,0
2290.0,157.0,147.8246815071639,157.0,7.95634464324235,217.40691636752302,176.7227476428565,33.228,0.0008252519746790796,0
2295.0,157.0,147.8246815071639,157.0,7.95634464324235,214.21705538268645,183.75215530500807,32.7384,0.0007608573845304398,0
2300.0,157.0,147.8246815071639,157.0,7.95634464324235,212.50552817050684,190.35887806776293,32.571,0.0007827590727995691,0
2305.0,157.0,147.8246815071639,157.0,7.95634464324235,204.16438604844308,195.98952771151528,32.3046,0.0008439137271931416,0
2310.0,157.0,147.8246815071639,157.0,7.95634464324235,198.90173237586254,200.6889619589891,32.0076,0.0009568024427887223,0
2315.0,156.5,147.8246815071639,156.5,7.95634464324235,190.92689061022907,203.80199060338842,31.8456,0.0010880108830160506,0
2320.0,156.0,147.8246815071639,156.0,7.95634464324235,186.60935067257753,205.35912893692034,31.7808,0.0012363074079423482,0
2325.0,156.0,147.8246815071639,156.0,7.95634464324235,175.70339515778213,204.87477805236384,31.6224,0.0013605275252649741,0
2330.0,156.0,147.8246815071639,156.0,7.95634464324235,160.47883012460812,201.77765693715423,31.4028,0.0014247176236009257,0
2335.0,156.0,147.8246815071639,156.0,7.95634464324235,149.59845878236519,196.46079579214032,31.215600000000002,0.0014550556903561182,0
2340.0,156.0,147.8246815071639,156.0,7.95634464324235,142.72334350892908,189.76719325910992,30.762,0.0014708737234117727,0
2345.0,155.0,147.8246815071639,155.0,7.95634464324235,137.2091990577089,182.53709052160184,30.762,0.0014579352402585434,0
2350.0,155.5,147.8246815071639,155.5,7.95634464324235,128.97452283738664,175.16772439409047,30.762,0.0014021133973300844,0
2355.0,156.0,147.8246815071639,156.0,7.95634464324235,120.56373891261882,167.36328135491814,31.0437,0.001284678670814785,0
2360.0,156.5,148.03288202574527,156.5,7.95634464324235,120.47881208973283,159.694388348187,31.831650000000003,0.0011372972411556172,0
2365.0,157.0,148.0526983444485,157.0,7.95634464324235,121.30694804572407,152.78960184796043,32.05755,0.0009669609904863211,0
2370.0,157.0,148.0526983444485,157.0,7.95634464324235,122.06008908760761,146.38613157393917,32.05755,0.0007615330820312525,0
2375.0,157.0,147.96709598106452,157.0,7.95634464324235,124.42386045153003,140.8442123940476,32.05755,0.0005085214363964958,0
2380.0,157.0,147.94656849668968,157.0,7.95634464324235,132.08588534009843,136.30059028300766,31.8798,0.00023142600209830774,0
2385.0,157.0,148.00721908796734,157.0,7.95634464324235,132.05320684718146,132.6630745904576,31.5432,-9.346927859342443e-05,0
2390.0,157.0,147.9314078674615,157.0,7.95634464324235,135.28458550367822,130.56355420538011,31.5432,-0.0004447171044893835,0
2395.0,156.5,147.3481722658353,156.5,7.95634464324235,134.66575423511986,129.3191621597763,31.5432,-0.0008386029800049634,0
2400.0,156.0,146.67658491617703,156.0,7.95634464324235,135.81683296206432,128.74361961420428,31.5432,-0.0012356076607300073,0
2405.0,157.0,146.36158037416385,157.0,7.95634464324235,136.8347866295276,128.7124185785225,31.6854,-0.0015988173243032318,0
2410.0,156.0,146.35163921233254,156.0,7.95634464324235,133.21990139330015,129.06620012484862,31.845599999999997,-0.0019342046765278068,0
2415.0,155.0,146.35163921233254,155.0,7.95634464324235,137.64115075883691,130.48931777870013,32.04,-0.00223494272552751,0
2420.0,154.5,146.35631219089836,154.5,7.95634464324235,136.47440045338337,131.82228347567101,32.076899999999995,-0.002552420170914245,0
2425.0,154.0,146.35631219089836,154.0,7.95634464324235,139.72060713337078,133.35675506630824,32.076899999999995,-0.002830231511716377,0
2430.0,155.0,146.48570948323558,155.0,7.95634464324235,142.51927346396405,135.06168709767127,32.076899999999995,-0.0030921709393479206,0
2435.0,156.0,146.48570948323558,156.0,7.95634464324235,140.9378296154923,136.43785119466813,31.7565,-0.0033442638114678995,0
2440.0,156.0,146.48570948323558,156.0,7.95634464324235,137.90468490120543,136.9227511580937,31.186799999999998,-0.003601080134967403,0
2445.0,155.5,146.48570948323558,155.5,7.95634464324235,136.18411004800322,137.26699309149552,30.7584,-0.0038041104432114023,0
2450.0,155.0,146.48570948323558,155.0,7.95634464324235,138.439874852871,137.5299338705949,30.604950000000002,-0.0039022120688863883,0
2455.0,155.0,146.48570948323558,155.0,7.95634464324235,137.9663062052385,137.80497986810482,30.486150000000002,-0.003933547399740261,0
2460.0,155.0,146.48570948323558,155.0,7.95634464324235,137.12878497295662,137.91430920234583,30.41685,-0.003924464262565695,0
2465.0,155.16666666666666,146.48570948323558,155.16666666666666,7.95634464324235,140.29824662626203,138.20293086874037,30.1809,-0.0038572603719216423,0
2470.0,155.33333333333334,146.48570948323558,155.33333333333334,7.95634464324235,143.9897158465182,139.10041540650852,30.1809,-0.0037180818210043385,0
2475.0,155.5,146.48570948323558,147.54365535675765,7.95634464324235,146.79139448885766,139.8629357173436,30.1809,-0.0035107937400226425,1
2480.0,155.75,146.48570948323558,147.79365535675765,7.95634464324235,145.03292903049143,140.5761464321026,30.396900000000002,-0.0033060965279043363,1
2485.0,156.0,146.48570948323558,148.04365535675765,7.95634464324235,143.74569203340187,140.91157017377188,31.1589,-0.0031127957969271113,1
2490.0,156.5,146.48570948323558,148.54365535675765,7.95634464324235,145.22670553974788,141.1371895134205,31.8177,-0.0029172506317439472,1
2495.0,157.0,146.48570948323558,149.04365535675765,7.95634464324235,147.17999474478862,141.65736994086186,31.9455,-0.0027307745930431194,1
2500.0,157.5,146.48570948323558,149.46765722122532,8.032342778774671,149.71403121607116,142.64148213376734,31.9455,-0.0025830899431543196,1
2505.0,158.0,146.48570948323558,149.88105903908132,8.118940960918684,153.77641236993537,144.1075073272617,31.9455,-0.0024276036681863907,1
2510.0,158.0,146.48570948323558,149.7966258114909,8.203374188509096,156.32759332628203,145.59815053337928,31.450499999999998,-0.0022931047383291116,1
2515.0,158.0,146.48570948323558,149.71430341459026,8.285696585409749,158.1900897532569,147.28346582904746,30.7125,-0.0021445396117031135,1
2520.0,157.5,146.48570948323558,149.14653907761212,8.353460922387884,154.98912997508975,148.77182791255856,30.3435,-0.0020088948655591844,1
2525.0,157.0,146.48570948323558,148.59296884905842,8.407031150941567,151.56040905869185,149.7103414485944,30.3435,-0.0018836694216300572,1
2530.0,157.0,146.48146168647767,148.54063168129966,8.459368318700355,147.6907488911666,150.01876086898176,30.3435,-0.0017403752338777641,1
2535.0,156.5,146.4956506450669,148.00245766669957,8.497542333300443,144.12174629140435,149.79629018586064,30.3435,-0.0016183893729016094,1
2540.0,156.0,146.4955043433827,147.47773434492237,8.522265655077632,143.40989432595026,149.66103729381555,30.4353,-0.0014745159844030068,1
2545.0,156.0,146.48315148925363,147.45332028483637,8.54667971516362,140.40083905035038,149.38229954522794,30.4947,-0.0013587746524904845,1
2550.0,156.5,146.48315148925363,147.91701657625254,8.582983423747457,138.66040114057643,148.83510751196363,30.6396,-0.0012670907586870435,1
2555.0,157.0,146.50856036994227,148.36975568240052,8.630244317599484,137.51538869132887,148.02972367417533,30.8178,-0.0011781914161748846,1
2560.0,157.0,146.50856036994227,148.3236763108948,8.67632368910521,138.5213810439957,147.09700282650238,30.8178,-0.001079501975732386,1
2565.0,156.5,147.12015542855065,147.8065388001419,8.693461199858083,138.59779905607937,145.83211838368103,30.8178,-0.000991962003820181,1
2570.0,156.0,147.12015542855065,147.30232972715785,8.697670272842135,137.3592371952684,144.2514220394299,30.8178,-0.0009482178252191282,1
2575.0,156.5,147.12015542855065,147.78572588099843,8.714274119001585,137.5931242392879,142.53500824659918,30.799799999999998,-0.0009237216024342694,1
2580.0,157.0,147.12015542855065,148.25703713099296,8.742962869007048,141.09097769795613,141.37682889017137,30.619799999999998,-0.0008933013581795667,1
2585.0,156.0,147.12015542855065,147.25406559973763,8.745934400262374,142.68582573066954,140.63728027950285,30.42,-0.0008870309209015554,1
2590.0,156.5,147.12015542855065,147.7386683567637,8.761331643236318,143.33653314128196,140.27442896701245,30.275100000000002,-0.0009051585677250859,1
2595.0,157.0,147.12015542855065,148.21115604486408,8.788843955135912,142.96681039977304,140.1781843093765,30.0825,-0.0009407969925640168,1
2600.0,156.0,147.12015542855065,147.20933154076198,8.790668459238017,141.4252979109497,140.0128012747931,29.9376,-0.000966656568228131,1
2605.0,156.75,147.12015542855065,147.93880264926244,8.811197350737569,139.73762958981175,139.95753381974822,29.9097,-0.0009753683181766526,1
2610.0,157.5,147.12015542855065,148.65003698005037,8.849963019949632,138.30767359420884,139.92813985755092,29.8539,-0.0009747347729936927,1
2615.0,157.5,147.12015542855065,148.6122404525686,8.887759547431394,136.58948103915776,139.8509808865367,29.5335,-0.0009632406512697077,1
2620.0,157.5,147.12015542855065,148.57538883827388,8.924611161726112,137.805392468403,139.79131517190396,28.9485,-0.0009204055603742328,1
2625.0,157.5,147.12015542855065,148.53945851433653,8.960541485663462,139.511338718532,139.86744347710834,28.3635,-0.0008468573105141179,1
2630.0,157.5,147.5264239159242,148.51458316068195,8.98541683931804,144.83713611365465,140.49060172030718,27.996299999999998,-0.0007162666939325039,1
2635.0,158.25,147.5264239159242,149.22157969086874,9.028420309131253,146.56767362877443,141.23848083609772,27.872100000000003,-0.0005651757735961192,1
2640.0,159.0,147.7033910301769,149.91532548565718,9.084674514342817,145.89511899228503,141.63882594395847,27.7731,-0.00039185141473184427,1
2645.0,158.5,147.7033910301769,149.37297763557592,9.127022364424093,147.56065092758988,142.04506137703515,27.713700000000003,-0.00018415730055254848,1
2650.0,158.0,147.77920225068274,148.8460837622593,9.15391623774069,147.27701162554325,142.37343458405692,27.748800000000003,4.007839308333949e-05,1
2655.0,158.0,147.80415402278905,148.82048603007829,9.179513969921715,147.0679285141934,142.7151944269253,27.7983,0.0002716493085161858,1
2660.0,158.0,147.8246815071639,148.79604142831116,9.203958571688844,145.61365789021096,143.06422442519707,27.7983,0.0004875945082509549,1
2665.0,158.0,147.8246815071639,148.7722079415882,9.227792058411795,143.76917455390026,143.4001865055378,27.8964,0.0007065702378533343,1
2670.0,158.0,147.8246815071639,148.74897029203333,9.251029707966673,138.8290768130509,143.4436367737746,28.3248,0.0008997597599314962,1
2675.0,157.5,147.8246815071639,148.23881358371733,9.261186416282678,135.31575602960655,143.3374930229787,28.791,0.0010688481726593734,1
2680.0,157.0,147.8246815071639,147.74141079310922,9.258589206890782,130.64124658171573,142.74048086575476,29.0556,0.0011905157366600653,1
2685.0,158.0,147.70537832791882,148.7159604927852,9.28403950721481,126.87705871828591,141.68762419906759,29.2158,0.0012755610491363945,1
2690.0,158.0,148.03288202574527,148.69933404241493,9.300665957585078,125.63972350123579,140.08783981469935,29.3823,0.0013456370002660801,1
2695.0,158.0,148.0526983444485,148.68361866127148,9.316381338728508,127.54340959690009,138.50248447870982,29.6019,0.0014097091526074409,1
2700.0,158.0,148.0526983444485,148.66829616465665,9.331703835343353,133.00429847048608,137.42824943522658,29.7684,0.00146960260982557,1
2705.0,157.5,148.0526983444485,148.16585673045716,9.334143269542825,140.33471902869942,136.82608844365237,29.8539,0.001548131038639486,1
2710.0,157.0,147.7571104202654,147.66858858400812,9.331411415991887,148.32311877597692,136.91326403952183,29.8539,0.001656162595525734,1
2715.0,157.0,147.8246815071639,147.67294141839272,9.327058581607263,152.86278887488336,137.39616906957932,29.7963,0.001778246661579898,1
2720.0,157.0,147.8246815071639,147.67718543191774,9.322814568082253,153.90954696497153,138.0874931591427,29.6181,0.0019022258918035978,1
2725.0,157.0,147.8246815071639,147.68132334510463,9.318676654895368,153.03562515540366,138.85969737593467,28.89,0.0020292317993700387,1
2730.0,155.0,147.8246815071639,145.73535781046184,9.264642189538156,147.52762622026114,139.5845764932022,28.4256,0.002138077617757972,1
2735.0,155.0,147.8246815071639,145.78804141418513,9.211958585814873,139.82608272775497,139.9604370513812,28.4256,0.0022156906029865164,1
2740.0,155.0,147.8246815071639,145.83940792781533,9.160592072184672,131.66803594973604,140.04600283204957,28.4256,0.0022346063052221085,1
2745.0,155.75,147.8246815071639,146.62074027860479,9.129259721395227,125.55303339416179,139.93566738837256,28.81845,0.002193674983923749,1
2750.0,156.5,147.70537832791882,147.37955674114335,9.120443258856644,123.03888373754359,139.71893074139822,29.60415,0.002078127372253912,1
2755.0,157.0,148.03288202574527,147.88384038456414,9.116159615435866,123.50923843966632,139.38274981162874,30.267899999999997,0.0019118519601027152,1
2760.0,157.5,148.0526983444485,148.37601234486698,9.123987655133025,125.02466026639216,138.71777996128756,30.769199999999998,0.001704736358543007,1
2765.0,158.0,148.0526983444485,148.85588000616224,9.144119993837757,128.17507698539006,137.70447645767845,31.040100000000002,0.0014513961755875052,1
2770.0,159.0,148.0526983444485,149.81125097592513,9.18874902407487,133.8781763377707,136.5007312544946,31.1421,0.0011866066211409902,1
2775.0,159.0,148.0526983444485,149.76773767144394,9.232262328556054,137.2233586516099,135.19744540255516,31.1832,0.0009071695159160371,1
2780.0,159.33333333333334,148.0526983444485,150.0503121995748,9.283021133758544,140.27512669990838,134.06124371379988,31.1832,0.0006337724194376305,1
2785.0,159.66666666666666,147.70537832791882,150.31713936408912,9.349527302577544,144.78169773838175,133.37341642904806,31.1832,0.00038869281891108586,1
2790.0,160.0,147.80415402278905,150.57976524186236,9.420234758137648,147.77571567881864,133.3940905505945,31.223999999999997,0.0001959478107597507,1
2795.0,159.0,147.77920225068274,149.5352016783886,9.464798321611408,150.6683814978589,134.2976154481032,31.287,5.435201051455426e-05,1
2800.0,158.5,147.77920225068274,149.0042522040017,9.495747795998323,152.32627387003276,136.0191352747946,31.686750000000004,-3.716235031343522e-05,1
2805.0,158.0,147.77920225068274,148.48657646647445,9.513423533525565,157.40622060454763,138.67356754232674,32.31945,-7.111908721452854e-05,1
2810.0,158.0,147.77920225068274,148.46934262238537,9.530657377614626,163.83812824451564,142.0735045845744,32.88915,-6.22274432551562e-05,1
2815.0,158.0,147.77920225068274,148.45253962439853,9.54746037560146,168.85627925307512,145.85242465235848,33.395849999999996,-4.497161410572796e-05,1
2820.0,158.0,147.77920225068274,148.43615670136137,9.563843298638623,175.08084356305605,150.0237732604138,33.9048,-4.497161410572796e-05,1
2825.0,158.0,147.77920225068274,148.42018335140014,9.579816648599857,182.5297347186349,154.5533280715175,34.4079,-7.826234022999224e-05,1
2830.0,158.0,147.77920225068274,148.40460933518793,9.595390664812061,190.43735489248985,159.26659295107746,34.9029,-0.00015183412729686562,1
2835.0,158.0,147.7033910301769,148.3875293888684,9.612470611131606,197.65266067129056,164.30236811938417,36.233999999999995,-0.0002613093476317961,1
2840.0,157.0,147.7033910301769,147.39587644120684,9.604123558793162,207.01700280509348,169.8641911281496,37.4958,-0.0003888723380706875,1
2845.0,157.0,147.5264239159242,147.3995906393805,9.600409360619496,217.4313570648762,175.91832940535747,37.52145,-0.0005244156628582051,1
2850.0,157.0,147.5264239159242,147.40321198259983,9.596788017400172,224.96967472249128,182.35115932566353,37.52145,-0.0006559836963549175,1
2855.0,156.5,147.5264239159242,146.91924279223866,9.580757207761332,232.6205334237525,189.180505319488,37.52145,-0.0007633526704274319,1
2860.0,156.0,147.12015542855065,146.4372161194522,9.562783880547801,239.0368884024198,196.4063898638536,37.08045,-0.0008360747363581446,1
2865.0,156.0,147.12015542855065,146.4547401134854,9.545259886514609,241.71674947254576,203.4322672695201,36.2502,-0.0008680023259246913,1
2870.0,155.0,147.12015542855065,145.49682600766775,9.503173992332247,239.88528154632138,209.76953004467057,35.830799999999996,-0.0008681535466251881,1
2875.0,155.5,147.12015542855065,146.02535975449555,9.474640245504443,235.22891783310584,215.30058325967318,35.6688,-0.0008508891865827554,1
2880.0,156.0,147.5264239159242,146.550836869837,9.449163130162995,232.25022943900876,220.0646987493359,35.610299999999995,-0.0008021429313946942,1
2885.0,157.0,147.5264239159242,147.5506770572949,9.449322942705084,233.8185056053116,224.33876298989222,35.4105,-0.0007023982143013097,1
2890.0,157.0,147.5264239159242,157.0,9.449322942705084,241.06343193509284,228.55760274344252,34.904700000000005,-0.0005347209420653163,0
2895.0,157.0,147.7033910301769,157.0,9.449322942705084,245.085466217489,232.51033653895908,33.5124,-0.00029585964220145124,0
2900.0,157.0,147.77920225068274,157.0,9.449322942705084,241.22569109433437,235.36106056306244,32.912400000000005,-3.23168343553477e-05,0
2905.0,157.0,147.80415402278905,157.0,9.449322942705084,232.375888062993,236.60643814623884,32.912400000000005,0.00020906832340373483,0
2910.0,157.0,147.8246815071639,157.0,9.449322942705084,223.8549624330077,236.51354545544856,32.868449999999996,0.0004321765952337776,0
2915.0,157.0,147.8246815071639,157.0,9.449322942705084,208.84382178438466,234.53215281883456,32.85375,0.0005948907524433066,0
2920.0,156.5,147.8246815071639,156.5,9.449322942705084,190.8864738716009,230.51961827459965,32.85375,0.0006826794257062861,0
2925.0,156.0,147.8246815071639,156.0,9.449322942705084,177.178785246026,225.14145458905634,32.76585,0.0006875493545476087,0
2930.0,156.0,147.8246815071639,156.0,9.449322942705084,175.09511097367033,219.7422737080021,32.3694,0.0006722845507533106,0
2935.0,156.5,147.8246815071639,156.5,9.449322942705084,178.49676381018693,215.01459420609217,32.0724,0.0006877594999328372,0
2940.0,157.0,147.8246815071639,157.0,9.449322942705084,181.8136638114004,210.81154707045812,31.9428,0.000734832381830317,0
2945.0,157.0,147.8246815071639,157.0,9.449322942705084,188.63412696560943,207.0461821838163,31.9428,0.0008337031791803565,0
2950.0,157.0,147.8246815071639,157.0,9.449322942705084,198.85463573814042,203.52878250073695,32.0724,0.0010026203168175833,0
2955.0,157.5,147.8246815071639,157.5,9.449322942705084,216.7870292614141,201.170579421064,32.427,0.0012952528400304991,0
2960.0,158.0,147.8246815071639,158.0,9.449322942705084,237.18260153660646,200.83365529125334,32.9688,0.0017116119501526372,0
2965.0,158.5,147.8246815071639,158.5,9.449322942705084,243.60177280447886,201.7691456863772,33.399899999999995,0.0021487229700585197,0
2970.0,159.0,147.8246815071639,159.0,9.449322942705084,244.51018359348657,203.4904141164171,33.7581,0.002576422039855224,0
2975.0,158.0,147.8246815071639,158.0,9.449322942705084,239.8381767430637,206.07327702964037,33.7932,0.0029559208944877793,0
2980.0,158.5,147.8246815071639,158.5,9.449322942705084,235.76673802585455,209.8132990424948,33.795,0.0032863532644297165,0
2985.0,159.0,147.8246815071639,159.0,9.449322942705084,220.98411651334388,213.46374331477128,33.867,0.0034998130535301153,0
2990.0,159.0,147.8246815071639,159.0,9.449322942705084,206.6956280217039,216.09711973544077,33.867,0.0036054972551078546,0
2995.0,159.0,147.8246815071639,159.0,9.449322942705084,194.2289977940017,217.408139234092,33.721199999999996,0.0036338757832735566,0
3000.0,158.75,147.8246815071639,158.75,9.449322942705084,186.9679958094997,217.83766690060028,33.483149999999995,0.003612930878604484,0
3005.0,158.5,147.8246815071639,158.5,9.449322942705084,180.53142446899858,217.16244169254938,33.079049999999995,0.0035268048678843544,0
3010.0,157.75,147.8246815071639,157.75,9.449322942705084,174.2238906090005,215.10987959845434,32.6583,0.00335073793947597,0
3015.0,157.0,147.8246815071639,157.0,9.449322942705084,166.86920343087667,210.95006077924293,32.6583,0.00308711840112769,0
3020.0,157.5,147.8246815071639,157.5,9.449322942705084,158.1374308889969,204.36296322527548,32.44995,0.002769335392657862,0
3025.0,158.0,147.8246815071639,158.0,9.449322942705084,149.05058202220698,196.4836973267528,32.306400000000004,0.002424712769563386,0
3030.0,157.5,147.8246815071639,157.5,9.449322942705084,144.3434511113267,188.13646961990617,32.09805,0.002076796577712544,0
3035.0,157.0,147.8246815071639,157.0,9.449322942705084,138.15086417900233,179.66252690623438,31.905450000000002,0.0017541637999279778,0
3040.0,156.5,147.8246815071639,156.5,9.449322942705084,132.95052147625015,171.094508860434,31.6854,0.0014854538356616311,0
3045.0,156.0,147.8246815071639,156.0,9.449322942705084,128.89499381391872,163.42041530214857,31.57515,0.0012737621510606576,0
3050.0,157.0,147.70537832791882,157.0,9.449322942705084,127.59382503766679,156.82859838681216,31.480649999999997,0.0010706977058883055,0
3055.0,157.0,148.03288202574527,157.0,9.449322942705084,124.4406975645035,151.01290670102063,31.26375,0.0008308962654968501,0
3060.0,156.66666666666666,148.0526983444485,156.66666666666666,9.449322942705084,124.49425986078623,145.80676203862782,30.7116,0.0005763902573096049,0
3065.0,156.33333333333334,148.03217086007365,156.33333333333334,9.449322942705084,122.86576074331218,141.0012900614873,30.1356,0.000281494793639099,0
3070.0,156.0,148.00721908796734,156.0,9.449322942705084,120.67479036815354,136.5388650414167,29.5596,-7.141344342910477e-05,0
3075.0,157.0,147.66883838982483,157.0,9.449322942705084,119.21236523929375,132.5674618587848,28.7964,-0.0005092927924049527,0
3080.0,156.83333333333334,147.26256990245128,156.83333333333334,9.449322942705084,115.22080308887855,128.99107620877496,28.1481,-0.0010420243032083782,0
3085.0,156.66666666666666,146.44925052217175,156.66666666666666,9.449322942705084,113.78497806497244,126.05227587900539,28.1481,-0.0015641201097531608,0
3090.0,156.5,146.13032068251536,156.5,9.449322942705084,108.6362503571506,123.07667581615739,28.1481,-0.002066838441954678,0
3095.0,156.33333333333334,146.21075417471596,156.33333333333334,9.449322942705084,107.31953340939447,120.5073982520234,28.427100000000003,-0.0025037122074274528,0
3100.0,156.16666666666666,146.11694414491032,156.16666666666666,9.449322942705084,108.70855190058033,118.48723412071759,29.677500000000002,-0.002883825609991473,0
3105.0,156.0,146.11694414491032,156.0,9.449322942705084,113.50931713293568,117.20509439730233,31.2417,-0.0031572180542273898,0
3110.0,156.5,146.1330117496231,156.5,9.449322942705084,120.03830862403494,116.57546802949969,31.532999999999998,-0.0033365361169568866,0
3115.0,157.0,146.21914488698093,157.0,9.449322942705084,124.12663837815846,116.5492964306376,31.532999999999998,-0.00345718151696381,0
3120.0,156.5,146.20307728226814,156.5,9.449322942705084,130.57789632893662,117.05626613631681,31.532999999999998,-0.0035427593767595558,0
3125.0,156.0,146.27695803779866,156.0,9.449322942705084,137.38005968592546,118.26579104820125,30.583799999999997,-0.003587785993188376,0
3130.0,155.5,146.3702372936305,155.5,9.449322942705084,140.18774080545563,119.89187025130975,29.6346,-0.0035956536988653778,0
3135.0,156.0,146.3550939534931,156.0,9.449322942705084,138.937774143333,121.53565432664635,28.9125,-0.003557029461099871,0
3140.0,156.5,146.39734229518982,156.5,9.449322942705084,141.83445034145873,123.75345826436137,28.4175,-0.003431048703407418,0
3145.0,157.0,146.48570948323558,157.0,9.449322942705084,146.38718286304547,126.47030866420079,28.297800000000002,-0.003202267393957513,0
3150.0,157.5,146.48570948323558,157.5,9.449322942705084,152.73540232006687,130.14523799444382,28.297800000000002,-0.002881919752803997,0
3155.0,158.0,146.48570948323558,158.0,9.449322942705084,161.04141734489397,134.62206165573542,28.297800000000002,-0.0024566281988799695,0
3160.0,158.0,146.48570948323558,158.0,9.449322942705084,173.54061823801416,140.02473385052159,28.237949999999998,-0.001912429241808654,0
3165.0,158.0,146.48315148925363,158.0,9.449322942705084,186.46588703786233,146.10444800926547,28.237949999999998,-0.0012632481610738617,0
3170.0,158.0,147.5264239159242,158.0,9.449322942705084,197.19471801387192,152.53414879175187,27.9144,-0.0005399761823481288,0
3175.0,158.0,147.80415402278905,158.0,9.449322942705084,206.54141752814616,159.40204705425086,26.8416,0.0002733748315349633,0
3180.0,158.0,147.8246815071639,158.0,9.449322942705084,214.5113257941757,166.39649950968746,26.4852,0.00115147587313805,0
3185.0,158.0,147.8246815071639,158.0,9.449322942705084,215.92948116370104,172.9422846328354,26.4852,0.002056548091870556,0
3190.0,157.0,147.8246815071639,157.0,9.449322942705084,229.76322509289224,180.40690832345513,26.4852,0.0030729405060983405,0
3195.0,157.0,147.8246815071639,157.0,9.449322942705084,222.13845459511487,187.3402983611036,27.0477,0.004032436754565528,0
3200.0,157.0,147.8246815071639,157.0,9.449322942705084,212.65987262204965,193.24241688448618,27.7623,0.004914321297232943,0
3205.0,156.5,147.8246815071639,156.5,9.449322942705084,204.1896966741567,198.05929303541214,28.3536,0.005686589447061772,0
3210.0,156.0,147.8246815071639,156.0,9.449322942705084,192.91425091918188,201.4075304186717,28.821599999999997,0.0063496876776307455,0
3215.0,156.0,147.8246815071639,156.0,9.449322942705084,168.502886010314,202.0293194741234,29.217599999999997,0.006798274997966228,0
3220.0,156.5,147.8246815071639,156.5,9.449322942705084,147.47340726609315,199.85705189312998,29.217599999999997,0.007063358441726662,0
3225.0,157.0,147.8246815071639,157.0,9.449322942705084,140.30111488851438,196.009987547351,29.217599999999997,0.0072509808465857336,0
3230.0,157.0,147.8246815071639,157.0,9.449322942705084,134.44441725816796,190.78079581770896,28.9692,0.007383728289457335,0
3235.0,157.0,147.8246815071639,157.0,9.449322942705084,132.43194296107862,184.60500627045337,28.092599999999997,0.007521423569516753,0
3240.0,156.5,147.8246815071639,156.5,9.449322942705084,131.72767804917544,177.70636895837,26.7399,0.0076814121459509235,0
3245.0,156.0,148.2397450949934,156.0,9.449322942705084,129.91083608042314,170.5381485347635,24.966900000000003,0.007867102931003732,0
3250.0,154.0,148.24902694517627,154.0,9.449322942705084,129.3544317387801,162.17074908858748,24.966900000000003,0.008084149386412331,0
3255.0,154.0,148.2688432638795,154.0,9.449322942705084,127.48224576340249,154.28273168594478,24.966900000000003,0.008319494715772901,0
3260.0,155.0,148.16535405598745,155.0,9.449322942705084,121.96704275158373,146.72499586340598,25.1577,0.008505862224756926,0
3265.0,157.0,148.0526983444485,157.0,9.449322942705084,118.77486597921298,139.607093305494,28.8657,0.008590364766636577,0
3270.0,157.0,148.0526983444485,157.0,9.449322942705084,120.14898551489445,133.54332118847003,32.293800000000005,0.008535300248221512,0
3275.0,157.0,148.0526983444485,157.0,9.449322942705084,126.95779802487206,130.08123052301656,32.8806,0.008346551359736387,0
3280.0,156.0,147.96709598106452,156.0,9.449322942705084,126.61400364099894,128.34294688759203,32.8806,0.007958875961071858,0
3285.0,156.0,148.0526983444485,156.0,9.449322942705084,131.17505645446505,127.58244201808792,32.8806,0.007408901820120957,0
3290.0,154.0,148.0526983444485,154.0,9.449322942705084,137.28114153373866,127.81883570771879,30.8088,0.006747807651497607,0
3295.0,151.0,148.0526983444485,151.0,9.449322942705084,125.71299753688382,127.25892358903589,27.0522,0.005956484743783492,0
3300.0,150.0,148.2688432638795,150.0,9.449322942705084,110.70544329210855,125.50707069261368,24.8814,0.005079881461893872,0
3305.0,150.0,149.3619884861879,150.0,9.449322942705084,95.29433380960945,122.62236217004586,24.1002,0.004165993263711994,0
3310.0,149.0,149.41648871171458,149.0,9.449322942705084,80.13867793367257,118.52104935295357,23.445,0.003128083904463499,0
3315.0,148.0,149.645352350399,148.0,9.449322942705084,73.94859604662922,114.0599118765558,23.0886,0.0021791803038516138,0
3320.0,147.0,149.4080493193941,147.0,9.449322942705084,73.38927196194959,110.01176431075294,24.1002,0.0013569136621304507,0
3325.0,146.0,149.42100773073523,146.0,9.449322942705084,76.52220575995707,106.49070929248161,24.1002,0.0006712475537028439,0
3330.0,146.5,149.26734876168334,146.5,9.449322942705084,79.67225041325173,103.1176480340114,24.162300000000002,0.00013030595196128223,0
3335.0,147.66666666666666,147.861096516001,147.66666666666666,9.449322942705084,84.61587837146303,99.58915472956063,26.4543,-0.00019357973705861036,0
3340.0,148.83333333333334,147.8334317136447,148.83333333333334,9.449322942705084,89.2526508883454,96.47570866683951,29.902499999999996,-0.000376123202522004,0
3345.0,150.0,147.5894125477912,150.0,9.449322942705084,99.70460664819701,93.85317118298383,32.8557,-0.0005167674530886587,0
3350.0,151.0,147.34536921071413,151.0,9.449322942705084,110.54356891560886,91.62504013147303,33.795,-0.000641540126762069,0
3355.0,152.0,147.35392742134997,152.0,9.449322942705084,125.85122336459598,91.63655895044904,33.795,-0.0007734082733068443,0
3360.0,153.0,146.8934853528762,153.0,9.449322942705084,141.27365038546077,94.18390954156172,33.795,-0.0009514406433474596,0
3365.0,152.75,146.32970592591514,152.75,9.449322942705084,147.72876971637098,98.55344586712518,32.6007,-0.0012097998019827063,0
3370.0,152.5,146.47124991741097,152.5,9.449322942705084,149.59035967846836,104.34108601252484,30.7917,-0.0015176447667537226,0
3375.0,152.25,146.09702567377283,152.25,9.449322942705084,142.06161980788806,110.01717132596308,29.6523,-0.0018678226620399566,0
3380.0,152.0,146.15658367321902,152.0,9.449322942705084,130.74926244076485,114.79717053253101,29.1825,-0.0022347902147156,0
3385.0,153.0,146.14051606850626,153.0,9.449322942705084,119.30990517157367,118.36281215016572,27.6408,-0.0025641893053828762,0
3390.0,153.0,146.43395895532097,153.0,9.449322942705084,102.69034029218284,120.28098630674332,26.031599999999997,-0.0028503320842169235,0
3395.0,154.0,146.73750572815865,154.0,9.449322942705084,97.57398781740366,121.36082876057172,25.3719,-0.0030396268959094167,0
3400.0,155.0,146.80314195086677,155.0,9.449322942705084,90.40687574610449,121.45701416538496,24.6573,-0.003112413492008414,0
3405.0,156.0,147.8995768418213,156.0,9.449322942705084,85.77528248116404,120.29623715146556,24.066000000000003,-0.0030903137733330984,0
3410.0,157.0,147.87880296095497,157.0,9.449322942705084,85.8286893530595,118.23666385458642,23.598,-0.002975635395595189,0
3415.0,157.5,147.95015349203604,157.5,9.449322942705084,94.326702174795,115.60962042210302,23.0364,-0.002700863034549817,0
3420.0,158.0,148.11287061227384,158.0,9.449322942705084,101.50469039792503,112.2955404231417,22.3812,-0.002325439900180675,0
3425.0,159.0,148.10862281551593,159.0,9.449322942705084,109.9924955776871,109.15085091158471,21.9312,-0.0018428323959325324,0
3430.0,158.33333333333334,148.25594720790397,158.33333333333334,9.449322942705084,122.20478953836093,106.86872006657576,21.422400000000003,-0.0012194828739819554,0
3435.0,157.66666666666666,149.36757813547595,157.66666666666666,9.449322942705084,129.93240613379953,105.85795226040172,20.6817,-0.0005422193037605683,0
3440.0,157.0,149.7575273528281,157.0,9.449322942705084,135.50602802441588,106.25434939237265,20.2953,0.0001661055952085675,0
3445.0,158.0,149.93736498372607,158.0,9.449322942705084,139.3356270730007,107.92315955082489,20.2953,0.0008942247648309271,0
3450.0,157.0,149.9487868145401,157.0,9.449322942705084,135.35560452739804,110.6452649037595,20.2953,0.001586357800634609,0
3455.0,157.5,149.9289704958369,157.5,9.449322942705084,141.85750763806627,114.33555822214804,20.787300000000002,0.0023410407288582103,0
3460.0,158.0,149.7817033422142,158.0,9.449322942705084,137.5811984944763,118.26675178451235,21.9042,0.0030841364011302817,0
3465.0,158.0,148.13591558629972,158.0,9.449322942705084,126.66844743695866,121.67451553082857,24.5799,0.003705942140215005,0
3470.0,158.0,147.70537832791882,158.0,9.449322942705084,125.2521482901056,124.95980377558243,28.6173,0.004238822816585085,0
3475.0,158.0,148.03288202574527,158.0,9.449322942705084,132.3297506520977,128.12672448202431,30.914099999999998,0.004704062650888363,0
3480.0,158.0,147.70537832791882,158.0,9.449322942705084,142.6077807140088,131.55198200836463,31.2822,0.005125705570169676,0
3485.0,158.0,147.70537832791882,158.0,9.449322942705084,149.00792822518133,134.80326806232247,31.2822,0.005493861672199955,0
3490.0,158.0,147.8246815071639,158.0,9.449322942705084,159.5574812402501,137.91599237081326,31.2822,0.005807672113662901,0
3495.0,158.0,147.8246815071639,158.0,9.449322942705084,169.23792766787062,141.1914524986525,31.15845,0.006096181095567081,0
3500.0,158.0,147.8246815071639,158.0,9.449322942705084,169.0182328128377,143.98413623102098,30.73095,0.0063640646364213115,0
3505.0,158.0,147.8246815071639,158.0,9.449322942705084,165.98559264318044,146.20496669520261,30.2742,0.006617143856202028,0
3510.0,158.0,147.8246815071639,158.0,9.449322942705084,165.12866883970605,148.68605538789495,29.7882,0.006899041212673513,0
3515.0,159.0,147.8246815071639,159.0,9.449322942705084,161.74631933360374,150.34345636252309,29.5182,0.007136556511439729,0
3520.0,159.0,147.8246815071639,159.0,9.449322942705084,159.14314633094406,152.1402853488954,29.5182,0.0073629070108089155,0
3525.0,159.0,147.8246815071639,159.0,9.449322942705084,159.02637745165103,154.83677951678644,29.5182,0.007582948003729391,0
3530.0,159.0,147.8246815071639,159.0,9.449322942705084,162.25445209383815,157.92030483376413,29.8098,0.007775722208002304,0
3535.0,159.0,147.8246815071639,159.0,9.449322942705084,162.94676125413795,160.47172238393418,30.5028,0.00785584310382219,0
3540.0,159.33333333333334,147.8246815071639,159.33333333333334,9.449322942705084,163.78145165694937,162.23619496251254,30.918,0.007829099778486207,0
3545.0,159.66666666666666,147.8246815071639,159.66666666666666,9.449322942705084,167.47007462167784,163.77470716222058,30.9588,0.007697661766537884,0
3550.0,160.0,147.8246815071639,160.0,9.449322942705084,170.28226081365887,164.66843879333797,30.9996,0.007423494900297184,0
